BUDGET 2024,DAY OF WEEK,DATE 9623.11,MONZO GENERAL,INCOME,NZ CREDIT CARD,HOUSE,MONZO SPENDING,MONZO BILLS,MONZO RENT + EXPENSES,MONZO SAVINGS,RENT DESPOSIT,STUDENT LOAN,NZ SAVINGS,PERSONAL SPENDING,NZ CREDIT CARD,,,,HOUSE,,MORTGAGE,RATES,BODY CORP,INCOME,TRANSFER,MONZO SPENDING,SPENDING,TRANSFER,MONZO BILLS,SUBSCRIPTIONS,TRANSFER,MONZO RENT + EXPENSES,,RENT,EXPENSES,TRANSFER,RENT DEPOSIT,DEPOSIT,STUDENT LOAN,,PAYMENT,TRANSFER,PERSONAL SPENDING,OLIVIA,RAY,TRANSFER,NZ SAVINGS,,TRANSFER,MONZO SAVINGS,,,TRANSFER,TOTAL SAVINGS,,"TOTAL MONEY
£","TOTAL MONEY
$"
,,FREQUENCY,RAY,"£	3,879.18",AS PER SECTION,AS PER SECTION,AS PER SECTION,AS PER SECTION,AS PER SECTION,,,30 SEPTEMBER + 31 MARCH,,AS PER SECTION,,,,,,,FORTNIGHTLY,QUARTERLY FEB/MAY/AUG/NOV,"BIANNUAL 31ST
JUNE & DECEMB","WEEKLY
(PAID MONTHLY)","MONTHLY 
(AVERAGE)",,,,,,,,,"MONTHLY
1ST","MONTHLY 
1ST","MONTHLY
1ST",,ONE OFF,,,BIANNUAL,BIANNUAL,,WEEKLY,WEEKLY,WEEKLY,,,N/A,,,,"MONTHLY
1ST",,,,
,,AMOUNT,OLIVIA,"£	4,204.19",£	0.00,£	892.20,£	500.00,£	146.20,"£	2,050.00","£	1,696.28","£	1,747.00","£	1,350.00",£	0.00,£	200.00,,,,,,,"US$	1,858.00",US$	672.03,"US$	2,407.00",US$	631.58,"US$	1,982.68",,£	500.00,£	500.00,,£	178.34,£	178.34,,,"£	1,800.00",£	250.00,"£	2,050.00",,"£	1,747.00",,,"US$	3,000.00","US$	3,000.00",,£	100.00,£	100.00,£	200.00,,,US$	0.00,,,,"£	1,696.28",NZD,GBP,,
,,,RAY,"£	3,879.18",,,,,,,,,,,,,,,,,,,,,,,,,,,,,,,,,,,,,,,,,,,,,,,,,,,,,
,,,OLIVIA,"£	4,120.39",,,,,,,,,,,,,,,,,,,,,,,,,,,,,,,,,,,,,,,,,,,,,,,,,,,,,
,,,,,,,,,,,,,,,,,,,,,,,,,,,,,,,,,,,,,,,,,,,,,,,,,,,,,,,,,
NZ SAVINGS,£	0,US$	0,,,,,,,,,,,,,,,,,,,,,,,,,,,,,,,,,,,,,,,,,,,,,,,,,,,,,,,
NZ HOUSE,£	836,"US$	1,858",,Tax Return - O,"£	2,298.00",,,,,,,,,,,,,,,,,,,,,,,,,,,,,,,,,,,,,,,,,,,,,,,,,,,,
NZ CREDIT CARD,£	0,US$	0,,Tax Return - R,"£	1,670.83",,,,,,,,,,,,,,,,,,,,,,,,,,,,,,,,,,,,,,,,,,,,,,,,,,,,
RAY REVOLUT,£	0,£	0,,Total,"£	3,968.83",,,,,,,,,,,,,,,,,,,,,,,,,,,,,,,,,,,,,,,,,,,,,,,,,,,,
OLIVIA REVOLUT,£	0,,,Overspend,"£	1,811.68",,,,,,,,,,,,,,,,,,,,,,,,,,,,,,,,,,,,,,,,,,,,,,,,,,,,
MONZO GENERAL,"£	1,500",£	0,,Laptop,"£	1,899.00",,,,,,,,,,,,,,,,,,,,,,,,,,,,,,,,,,,,,,,,,,,,,,,,,,,,
MONZO SPENDING,£	0,,,Remaining,£	258.15,,,,,,,,,,,,,,,,,,,,,,,,,,,,,,,,,,,,,,,,,,,,,,,,,,,,
MONZO BILLS,£	52,,,,,,,,,,,,,,,,,,,,,,,,,,,,,,,,,,,,,,,,,,,,,,,,,,,,,,,,
MONZO RENT,£	250,,,,,,,,,,,,,,,,,,,,,,,,,,,,,,,,,,,,,,,,,,,,,,,,,,,,,,,,
MONZO NZ HOUSE,£	0,,,,,,,,,,,,,,,,,,,,,,,,,,,,,,,,,,,,,,,,,,,,,,,,,,,,,,,,
MONZO STUDENT LOAN,£	0,,,,,,,,,,,,,,,,,,,,,,,,,,,,,,,,,,,,,,,,,,,,,,,,,,,,,,,,
MONZO SAVINGS,"£	3,368",,,,,,,,,,,,,,,,,,,,,,,,,,,,,,,,,,,,,,,,,,,,,,,,,,,,,,,,
RENT DEPOSIT,"£	1,746",,,,,,,,,,,,,,,,,,,,,,,,,,,,,,,,,,,,,,,,,,,,,,,,,,,,,,,,
OLIVIA OWED,"£	1,000","US$	2,222",,,,,,,,,,,,,,,,,,,,,,,,,,,,,,,,,,,,,,,,,,,,,,,,,,,,,,,
RAY OWED,£	939,"US$	2,086",,,,,,,,,,,,,,,,,,,,,,,,,,,,,,,,,,,,,,,,,,,,,,,,,,,,,,,
CURRENT DAY,"£	11,502","£	(1,812)",,,,,,,,,,,,,,,,,,,,,,,,,,,,,,,,,,,,,,,,,,,,,,,,,,,,,,,
CURRENT DAY NZD,"US$	25,560.86","US$	(4,026)","£	1,500.00",,,,,,,,,,,,US$	0.00,,,,US$	0.00,,,,,,,£	(385.88),,,£	(57.46),,,£	0.00,,,,,£	0.00,,£	0.00,,,,£	(160.61),,,,US$	0.00,,,£	594.90,,,,,,,
CURRENT DAY,,,"£	1,500.00",,,,,,,,,,,,"US$	10,000.00",US$	0.00,£	0.00,,"US$	1,858.00",£	836.10,,,,,,£	0.00,,,£	51.78,,,£	250.00,,,,,"£	1,746.00",,US$	0.00,£	0.00,,,"£	1,938.50",,,,US$	0.00,£	0.00,,"£	3,368.33",US$	0.00,,,US$	0.00,"£	3,368.33","£	9,690.71","US$	21,534.91"
,,July 31,"£	2,800.00","£	4,376.30",,£	(836.10),,£	(178.34),£	(250.00),£	(362.86),,,,,"US$	9,641.58",US$	(358.42),£	(161.29),US$	(358.42),"US$	3,705.68","£	1,667.56",,,,,"US$	1,858.00",£	155.51,£	(71.43),,£	178.46,,£	178.34,£	250.00,,,,£	250.00,"£	1,746.00",,US$	0.00,£	0.00,,US$	0.00,£	786.46,£	262.65,£	523.81,,US$	111.44,£	50.15,,£	430.95,US$	362.86,,£	362.86,US$	474.30,US$	481.10,"£	7,903.80","US$	17,563.99"
WEEK 2,Friday,August 1,"£	2,800.00",,,,,,,,,,,,"US$	9,641.58",US$	(358.42),£	(161.29),,"US$	5,876.23","£	2,644.30",,,,"US$	2,170.55",,£	84.08,£	(71.43),,£	172.52,£	(5.94),,£	0.00,,,£	(250.00),,"£	1,746.00",,US$	0.00,£	0.00,,,£	786.46,,,,US$	111.44,£	50.15,,£	430.95,US$	0.00,,£	0.00,US$	111.44,US$	481.10,"£	8,553.17","US$	19,007.04"
WEEK 2,Saturday,August 2,"£	2,800.00",,£	(161.29),£	161.29,,,,,,,,,"US$	10,000.00",US$	0.00,£	0.00,US$	358.42,"US$	4,849.53","£	2,182.29",,US$	(672.03),,US$	3.75,US$	(358.42),£	12.65,£	(71.43),,£	166.57,£	(5.94),,£	0.00,,,,,"£	1,746.00",,US$	0.00,£	0.00,,,£	786.46,,,,US$	111.44,£	50.15,,£	114.51,US$	0.00,£	(316.44),£	0.00,US$	111.44,US$	164.66,"£	7,858.63","US$	17,463.62"
WEEK 2,Sunday,August 3,"£	2,800.00",,,,,,,,,,,,"US$	10,000.00",US$	0.00,£	0.00,,"US$	4,849.53","£	2,182.29",,,,,,£	0.00,£	(12.65),,£	160.63,£	(5.94),,£	0.00,,,,,"£	1,746.00",,US$	0.00,£	0.00,,,£	786.46,,,,US$	111.44,£	50.15,,£	114.51,US$	0.00,,£	0.00,US$	111.44,US$	164.66,"£	7,840.03","US$	17,422.29"
WEEK 1,Monday,August 4,"£	2,100.00",,,,£	(500.00),,,,,,,£	(200.00),"US$	10,000.00",US$	0.00,£	0.00,,"US$	4,849.53","£	2,182.29",,,,,,£	428.57,£	(71.43),£	500.00,£	154.68,£	(5.94),,£	0.00,,,,,"£	1,746.00",,US$	0.00,£	0.00,,,£	786.46,£	(100.00),£	(100.00),£	200.00,US$	111.44,£	50.15,,£	114.51,US$	0.00,,£	0.00,US$	111.44,US$	164.66,"£	7,562.66","US$	16,805.91"
WEEK 1,Tuesday,August 5,"£	2,100.00",,,,,,,,,,,,"US$	10,000.00",US$	0.00,£	0.00,,"US$	4,849.53","£	2,182.29",,,,,,£	44.62,£	(383.95),,£	148.74,£	(5.94),,£	0.00,,,,,"£	1,746.00",,US$	0.00,£	0.00,,,£	686.46,£	(100.00),,,US$	111.44,£	50.15,,£	214.51,US$	0.00,£	100.00,£	0.00,US$	111.44,US$	264.66,"£	7,172.76","US$	15,939.47"
WEEK 1,Wednesday,August 6,"£	1,687.48",,,,£	(312.52),,,,,,,£	(100.00),"US$	10,000.00",US$	0.00,£	0.00,,"US$	4,849.53","£	2,182.29",,,,,,£	285.71,£	(71.43),£	312.52,£	142.79,£	(5.94),,£	0.00,,,,,"£	1,746.00",,US$	0.00,£	0.00,,,£	786.46,,,£	100.00,US$	111.44,£	50.15,,£	214.51,US$	0.00,,£	0.00,US$	111.44,US$	264.66,"£	7,095.39","US$	15,767.53"
WEEK 1,Thursday,August 7,"£	1,178.13",,,,,,,£	(509.35),,,,,"US$	10,000.00",US$	0.00,£	0.00,,"US$	4,849.53","£	2,182.29",,,,,,£	214.28,£	(71.43),,£	136.85,£	(5.94),,£	0.00,,,,,"£	1,746.00",,US$	0.00,£	0.00,,,£	786.46,,,,US$	111.44,£	50.15,,£	0.00,US$	509.35,£	(723.86),£	509.35,US$	620.79,US$	50.15,"£	6,294.15","US$	13,987.01"
WEEK 1,Friday,August 8,"£	1,033.60",,,,,,,,,,£	0.00,£	(144.53),"US$	10,000.00",US$	0.00,£	0.00,,"US$	4,849.53","£	2,182.29",,,,,,£	142.85,£	(71.43),,£	130.90,£	(5.94),,£	0.00,,,,,"£	1,746.00",,US$	0.00,£	0.00,,,£	930.99,,,£	144.53,US$	16.44,£	7.40,US$	(95.00),£	0.00,US$	0.00,,£	0.00,US$	16.44,US$	7.40,"£	6,174.03","US$	13,720.06"
WEEK 1,Saturday,August 9,"£	1,033.60",,,,,,,,,,,,"US$	10,000.00",US$	0.00,£	0.00,,"US$	4,849.53","£	2,182.29",,,,,,£	71.42,£	(71.43),,£	124.96,£	(5.94),,£	0.00,,,,,"£	1,746.00",,US$	0.00,£	0.00,,,£	930.99,,,,US$	16.44,£	7.40,,£	0.00,US$	0.00,,£	0.00,US$	16.44,US$	7.40,"£	6,096.65","US$	13,548.12"
WEEK 1,Sunday,August 10,"£	1,033.60",,,,,,,,,,,,"US$	10,000.00",US$	0.00,£	0.00,,"US$	4,849.53","£	2,182.29",,,,,,£	0.00,£	(71.42),,£	119.01,£	(5.94),,£	250.00,,,£	250.00,,"£	1,746.00",,US$	0.00,£	0.00,,,£	930.99,,,,US$	16.44,£	7.40,,£	0.00,US$	0.00,,£	0.00,US$	16.44,US$	7.40,"£	6,269.29","US$	13,931.76"
WEEK 2,Monday,August 11,£	333.60,,,,£	(500.00),,,,,,,£	(200.00),"US$	10,000.00",US$	0.00,£	0.00,,"US$	4,849.53","£	2,182.29",,,,,,£	428.57,£	(71.43),£	500.00,£	113.07,£	(5.94),,£	250.00,,,,,"£	1,746.00",,US$	0.00,£	0.00,,,£	930.99,£	(100.00),£	(100.00),£	200.00,US$	16.44,£	7.40,,£	0.00,US$	0.00,,£	0.00,US$	16.44,US$	7.40,"£	5,991.92","US$	13,315.37"
WEEK 2,Tuesday,August 12,£	333.60,,,,,,,£	(50.00),,,,£	50.00,"US$	10,000.00",US$	0.00,£	0.00,,"US$	4,849.53","£	2,182.29",,,,,,£	357.14,£	(71.43),,£	107.12,£	(5.94),,£	250.00,,,,,"£	1,746.00",,US$	0.00,£	0.00,,,£	880.99,,,£	(50.00),US$	16.44,£	7.40,,£	50.00,US$	111.11,,£	50.00,US$	127.55,US$	57.40,"£	5,914.54","US$	13,143.42"
WEEK 2,Wednesday,August 13,£	141.78,,,,,,£	250.00,£	(441.82),,,,,"US$	10,000.00",US$	0.00,£	0.00,,"US$	2,991.53","£	1,346.19","US$	(1,858.00)",,,,,£	285.71,£	(71.43),,£	101.18,£	(5.94),,£	0.00,,,,£	(250.00),"£	1,746.00",,US$	0.00,£	0.00,,,£	880.99,,,,US$	16.44,£	7.40,,£	(50.00),US$	(111.11),£	(541.82),£	441.82,US$	(94.67),US$	(42.60),"£	4,459.25","US$	9,909.44"
WEEK 2,Thursday,August 14,£	141.78,,,,,,,,,,,,"US$	10,000.00",US$	0.00,£	0.00,,"US$	2,991.53","£	1,346.19",,,,,,£	214.28,£	(71.43),,£	95.23,£	(5.94),,£	(76.26),,,£	(76.26),,"£	1,746.00",,US$	0.00,£	0.00,,,£	880.99,,,,US$	16.44,£	7.40,,£	(50.00),US$	(111.11),,£	0.00,US$	(94.67),US$	(42.60),"£	4,305.61","US$	9,568.02"
WEEK 2,Friday,August 15,"£	1,300.00","£	3,312.04",,,£	(100.00),,£	(250.00),"£	(1,743.82)",,,,£	(60.00),"US$	10,000.00",US$	0.00,£	0.00,,"US$	2,991.53","£	1,346.19",,,,,,£	242.85,£	(71.43),£	100.00,£	89.29,£	(5.94),,£	173.74,,,,£	250.00,"£	1,746.00",,US$	0.00,£	0.00,,,£	940.99,,,£	60.00,US$	16.44,£	7.40,,"£	1,693.82","US$	3,764.04",,"£	1,743.82","US$	3,780.48","US$	1,701.22","£	7,540.28","US$	16,756.17"
WEEK 2,Saturday,August 16,"£	1,300.00",,,,,,,,,,,,"US$	10,000.00",US$	0.00,£	0.00,,"US$	2,991.53","£	1,346.19",,,,,,£	71.42,£	(171.43),,£	83.35,£	(5.94),,£	173.74,,,,,"£	1,746.00",,US$	0.00,£	0.00,,,£	940.99,,,,US$	16.44,£	7.40,,"£	1,693.82","US$	3,764.04",,£	0.00,"US$	3,780.48","US$	1,701.22","£	7,362.90","US$	16,362.00"
WEEK 2,Sunday,August 17,"£	1,008.28",,,,,,,,,,,,"US$	10,000.00",US$	0.00,£	0.00,,"US$	2,991.53","£	1,346.19",,,,,,£	(0.01),£	(71.43),,£	77.40,£	(5.94),,£	173.74,,,,,"£	1,746.00",,US$	0.00,£	0.00,,,£	940.99,,,,US$	16.44,£	7.40,,"£	1,693.82","US$	3,764.04",,£	0.00,"US$	3,780.48","US$	1,701.22","£	6,993.81","US$	15,541.79"
WEEK 1,Monday,August 18,£	442.77,,,,£	(400.00),,,,,,,£	(165.51),"US$	10,000.00",US$	0.00,£	0.00,,"US$	2,991.53","£	1,346.19",,,,,,£	342.85,£	(57.14),£	400.00,£	71.46,£	(5.94),,£	173.74,,,,,"£	1,746.00",,US$	0.00,£	0.00,,,£	940.99,£	(100.00),£	(65.51),£	165.51,US$	16.44,£	7.40,,"£	1,693.82","US$	3,764.04",,£	0.00,"US$	3,780.48","US$	1,701.22","£	6,765.21","US$	15,033.81"
WEEK 1,Tuesday,August 19,£	442.77,,,,,,,£	(50.00),,,,£	50.00,"US$	10,000.00",US$	0.00,£	0.00,,"US$	2,991.53","£	1,346.19",,,,,,£	285.71,£	(57.14),,£	65.51,£	(5.94),,£	173.74,,,,,"£	1,746.00",,US$	0.00,£	0.00,,,£	890.99,,,£	(50.00),US$	16.44,£	7.40,,"£	1,743.82","US$	3,875.16",,£	50.00,"US$	3,891.60","US$	1,751.22","£	6,702.13","US$	14,893.62"
WEEK 1,Wednesday,August 20,£	442.77,,,,,,,,,,,,"US$	10,000.00",US$	0.00,£	0.00,,"US$	2,991.53","£	1,346.19",,,,,,£	228.57,£	(57.14),,£	59.57,£	(5.94),,£	173.74,,,,,"£	1,746.00",,US$	0.00,£	0.00,,,£	890.99,,,,US$	16.44,£	7.40,,"£	1,743.82","US$	3,875.16",,£	0.00,"US$	3,891.60","US$	1,751.22","£	6,639.04","US$	14,753.43"
WEEK 1,Thursday,August 21,£	442.77,,,,,,,,,,,,"US$	10,000.00",US$	0.00,£	0.00,,"US$	2,991.53","£	1,346.19",,,,,,£	171.43,£	(57.14),,£	53.62,£	(5.94),,£	173.74,,,,,"£	1,746.00",,US$	0.00,£	0.00,,,£	890.99,,,,US$	16.44,£	7.40,,"£	1,743.82","US$	3,875.16",,£	0.00,"US$	3,891.60","US$	1,751.22","£	6,575.96","US$	14,613.24"
WEEK 1,Friday,August 22,£	442.77,,,,,,,,,,,,"US$	10,000.00",US$	0.00,£	0.00,,"US$	2,991.53","£	1,346.19",,,,,,£	114.29,£	(57.14),,£	47.68,£	(5.94),,£	173.74,,,,,"£	1,746.00",,US$	0.00,£	0.00,,,£	890.99,,,,US$	16.44,£	7.40,,"£	1,743.82","US$	3,875.16",,£	0.00,"US$	3,891.60","US$	1,751.22","£	6,512.87","US$	14,473.05"
WEEK 1,Saturday,August 23,£	442.77,,,,,,,,,,,,"US$	10,000.00",US$	0.00,£	0.00,,"US$	2,991.53","£	1,346.19",,,,,,£	57.15,£	(57.14),,£	41.73,£	(5.94),,£	173.74,,,,,"£	1,746.00",,US$	0.00,£	0.00,,,£	890.99,,,,US$	16.44,£	7.40,,"£	1,743.82","US$	3,875.16",,£	0.00,"US$	3,891.60","US$	1,751.22","£	6,449.79","US$	14,332.86"
WEEK 1,Sunday,August 24,£	442.77,,,,,,,£	(82.00),,,,£	82.00,"US$	10,000.00",US$	0.00,£	0.00,,"US$	2,991.53","£	1,346.19",,,,,,£	0.01,£	(57.14),,£	35.79,£	(5.94),,£	173.74,,,,,"£	1,746.00",,US$	0.00,£	0.00,,,£	808.99,,,£	(82.00),US$	16.44,£	7.40,,"£	1,825.82","US$	4,057.38",,£	82.00,"US$	4,073.82","US$	1,833.22","£	6,386.70","US$	14,192.68"
WEEK 2,Monday,August 25,£	0.00,,,,£	(242.77),,,,,,,£	(200.00),"US$	10,000.00",US$	0.00,£	0.00,,"US$	2,991.53","£	1,346.19",,,,,,£	208.10,£	(34.68),£	242.77,£	29.84,£	(5.94),,£	173.74,,,,,"£	1,746.00",,US$	0.00,£	0.00,,,£	808.99,£	(100.00),£	(100.00),£	200.00,US$	16.44,£	7.40,,"£	1,825.82","US$	4,057.38",,£	0.00,"US$	4,073.82","US$	1,833.22","£	6,146.08","US$	13,657.96"
WEEK 2,Tuesday,August 26,£	0.00,,,,,,,,,,,,"US$	10,000.00",US$	0.00,£	0.00,,"US$	2,991.53","£	1,346.19",,,,,,£	173.42,£	(34.68),,£	23.90,£	(5.94),,£	173.74,,,,,"£	1,746.00",,US$	0.00,£	0.00,,,£	808.99,,,,US$	16.44,£	7.40,,"£	1,825.82","US$	4,057.38",,£	0.00,"US$	4,073.82","US$	1,833.22","£	6,105.46","US$	13,567.68"
WEEK 2,Wednesday,August 27,£	0.00,,,,,,,,,,,,"US$	10,000.00",US$	0.00,£	0.00,,"US$	1,133.53",£	510.09,"US$	(1,858.00)",,,,,£	138.74,£	(34.68),,£	17.95,£	(5.94),,£	173.74,,,,,"£	1,746.00",,US$	0.00,£	0.00,,,£	808.99,,,,US$	16.44,£	7.40,,"£	1,825.82","US$	4,057.38",,£	0.00,"US$	4,073.82","US$	1,833.22","£	5,228.73","US$	11,619.40"
WEEK 2,Thursday,August 28,£	0.00,,,,,,,,,,,,"US$	10,000.00",US$	0.00,£	0.00,,"US$	1,133.53",£	510.09,,,,,,£	104.06,£	(34.68),,£	12.01,£	(5.94),,£	173.74,,,,,"£	1,746.00",,US$	0.00,£	0.00,,,£	808.99,,,,US$	16.44,£	7.40,,"£	1,825.82","US$	4,057.38",,£	0.00,"US$	4,073.82","US$	1,833.22","£	5,188.11","US$	11,529.12"
WEEK 2,Friday,August 29,"£	4,349.39","£	4,204.19",,,,,,£	145.20,,,,,"US$	10,000.00",US$	0.00,£	0.00,,"US$	1,133.53",£	510.09,,,,,,£	69.38,£	(34.68),,£	6.06,£	(5.94),,£	137.14,,,£	(36.60),,"£	1,746.00",,US$	0.00,£	0.00,,,£	808.99,,,,US$	16.44,£	7.40,,£	923.10,"US$	2,051.33",£	(757.52),£	(145.20),"US$	2,067.77",US$	930.50,"£	8,557.55","US$	19,016.78"
WEEK 2,Saturday,August 30,"£	1,371.39",,,,£	(450.00),£	(178.34),£	(250.00),£	(604.46),,"£	(1,350.00)",,£	(145.20),"US$	10,000.00",US$	0.00,£	0.00,,"US$	1,133.53",£	510.09,,,,,,£	484.70,£	(34.68),£	450.00,£	178.46,£	(5.94),£	178.34,£	387.14,,,,£	250.00,"£	1,746.00",,"US$	3,000.00","£	1,350.00",,"US$	3,000.00",£	954.19,,,£	145.20,US$	16.44,£	7.40,,"£	1,319.56","US$	2,932.36",£	(208.00),£	604.46,"US$	2,948.80","US$	1,326.96","£	8,308.93","US$	18,464.28"
WEEK 2,Sunday,August 31,"£	1,371.39",,,,,,,£	(82.00),,,,£	82.00,"US$	10,000.00",US$	0.00,£	0.00,,"US$	1,133.53",£	510.09,,,,,,£	450.02,£	(34.68),,£	172.52,£	(5.94),,£	387.14,,,,,"£	1,746.00",,"US$	3,000.00","£	1,350.00",,,£	872.19,,,£	(82.00),US$	16.44,£	7.40,,"£	1,241.56","US$	2,759.02",£	(160.00),£	82.00,"US$	2,775.46","US$	1,248.96","£	8,108.30","US$	18,018.45"
WEEK 1,Monday,September 1,"£	1,650.29",,,,,,,£	478.90,,,,£	(200.00),"US$	10,000.00",US$	0.00,£	0.00,,"US$	2,619.94","£	1,178.97",,,,"US$	1,486.41",,£	385.74,£	(64.28),,£	166.57,£	(5.94),,£	387.14,,,,,"£	1,746.00",,US$	0.00,£	0.00,"US$	(3,000.00)",,£	872.19,£	(100.00),£	(100.00),£	200.00,US$	16.44,£	7.40,,£	762.66,"US$	1,694.80",,£	(478.90),"US$	1,711.24",US$	770.06,"£	7,156.96","US$	15,904.36"
WEEK 1,Tuesday,September 2,£	850.00,,,£	(748.66),,,,,,,,£	(51.63),"US$	10,000.00",US$	0.00,£	0.00,,"US$	4,283.63","£	1,927.63",,,,,"US$	1,663.69",£	321.46,£	(64.28),,£	160.63,£	(5.94),,£	387.14,,,,,"£	1,746.00",,US$	0.00,£	0.00,,,£	923.82,,,£	51.63,US$	16.44,£	7.40,,£	762.66,"US$	1,694.80",,£	0.00,"US$	1,711.24",US$	770.06,"£	7,086.74","US$	15,748.30"
WEEK 1,Wednesday,September 3,£	850.00,,,,,,,,,,,,"US$	10,000.00",US$	0.00,£	0.00,,"US$	4,283.63","£	1,927.63",,,,,,£	257.18,£	(64.28),,£	154.68,£	(5.94),,£	387.14,,,,,"£	1,746.00",,US$	0.00,£	0.00,,,£	923.82,,,,US$	16.44,£	7.40,,£	762.66,"US$	1,694.80",,£	0.00,"US$	1,711.24",US$	770.06,"£	7,016.51","US$	15,592.25"
WEEK 1,Thursday,September 4,£	850.00,,,,,,,,,,,,"US$	10,000.00",US$	0.00,£	0.00,,"US$	4,283.63","£	1,927.63",,,,,,£	192.90,£	(64.28),,£	148.74,£	(5.94),,£	387.14,,,,,"£	1,746.00",,US$	0.00,£	0.00,,,£	923.82,,,,US$	16.44,£	7.40,,£	762.66,"US$	1,694.80",,£	0.00,"US$	1,711.24",US$	770.06,"£	6,946.29","US$	15,436.19"
WEEK 1,Friday,September 5,£	850.00,,,,,,,,,,,,"US$	10,000.00",US$	0.00,£	0.00,,"US$	4,283.63","£	1,927.63",,,,,,£	128.62,£	(64.28),,£	142.79,£	(5.94),,£	387.14,,,,,"£	1,746.00",,US$	0.00,£	0.00,,,£	923.82,,,,US$	16.44,£	7.40,,£	762.66,"US$	1,694.80",,£	0.00,"US$	1,711.24",US$	770.06,"£	6,876.06","US$	15,280.14"
WEEK 1,Saturday,September 6,£	850.00,,,,,,,,,,,,"US$	10,000.00",US$	0.00,£	0.00,,"US$	4,283.63","£	1,927.63",,,,,,£	64.34,£	(64.28),,£	136.85,£	(5.94),,£	387.14,,,,,"£	1,746.00",,US$	0.00,£	0.00,,,£	923.82,,,,US$	16.44,£	7.40,,£	762.66,"US$	1,694.80",,£	0.00,"US$	1,711.24",US$	770.06,"£	6,805.84","US$	15,124.09"
WEEK 1,Sunday,September 7,£	850.00,,,,,,,£	(675.00),,£	675.00,,,"US$	10,000.00",US$	0.00,£	0.00,,"US$	4,283.63","£	1,927.63",,,,,,£	0.06,£	(64.28),,£	130.90,£	(5.94),,£	387.14,,,,,"£	1,746.00",,US$	0.00,£	0.00,"US$	1,500.00","US$	(1,500.00)",£	923.82,,,,US$	16.44,£	7.40,,"£	1,437.66","US$	3,194.80",,£	675.00,"US$	3,211.24","US$	1,445.06","£	7,410.61","US$	16,468.03"
WEEK 2,Monday,September 8,£	200.00,,,,£	(450.00),,,,,,,£	(200.00),"US$	10,000.00",US$	0.00,£	0.00,,"US$	4,283.63","£	1,927.63",,,,,,£	385.78,£	(64.28),£	450.00,£	124.96,£	(5.94),,£	387.14,,,,,"£	1,746.00",,US$	0.00,£	0.00,,,£	923.82,£	(100.00),£	(100.00),£	200.00,US$	16.44,£	7.40,,"£	1,437.66","US$	3,194.80",,£	0.00,"US$	3,211.24","US$	1,445.06","£	7,140.39","US$	15,867.53"
WEEK 2,Tuesday,September 9,£	200.00,,,,,,,,,,,,"US$	10,000.00",US$	0.00,£	0.00,,"US$	4,283.63","£	1,927.63",,,,,,£	321.50,£	(64.28),,£	119.01,£	(5.94),,£	387.14,,,,,"£	1,746.00",,US$	0.00,£	0.00,,,£	923.82,,,,US$	16.44,£	7.40,,"£	1,223.46","US$	2,718.80",£	(214.20),£	0.00,"US$	2,735.24","US$	1,230.86","£	6,855.96","US$	15,235.48"
WEEK 2,Wednesday,September 10,£	200.00,,,,,,,,,,,,"US$	10,000.00",US$	0.00,£	0.00,,"US$	2,425.63","£	1,091.53","US$	(1,858.00)",,,,,£	257.22,£	(64.28),,£	113.07,£	(5.94),,£	387.14,,,,,"£	1,746.00",,US$	0.00,£	0.00,,,£	923.82,,,,US$	16.44,£	7.40,,"£	1,223.46","US$	2,718.80",,£	0.00,"US$	2,735.24","US$	1,230.86","£	5,949.64","US$	13,221.42"
WEEK 2,Thursday,September 11,£	(0.00),,,,£	(200.00),,,,,,,,"US$	10,000.00",US$	0.00,£	0.00,,"US$	2,425.63","£	1,091.53",,,,,,£	392.94,£	(64.28),£	200.00,£	107.12,£	(5.94),,£	387.14,,,,,"£	1,746.00",,US$	0.00,£	0.00,,,£	923.82,,,,US$	16.44,£	7.40,,£	963.39,"US$	2,140.87",£	(260.07),£	0.00,"US$	2,157.31",US$	970.79,"£	5,619.34","US$	12,487.43"
WEEK 2,Friday,September 12,£	(0.00),,,,,,,,,,,,"US$	10,000.00",US$	0.00,£	0.00,,"US$	2,425.63","£	1,091.53",,,,,,£	128.66,£	(264.28),,£	101.18,£	(5.94),,£	247.74,,,£	(139.40),,"£	1,746.00",,US$	0.00,£	0.00,,,£	923.82,,,,US$	16.44,£	7.40,,£	963.39,"US$	2,140.87",,£	0.00,"US$	2,157.31",US$	970.79,"£	5,209.72","US$	11,577.16"
WEEK 2,Saturday,September 13,"£	1,950.00","£	5,361.96",,£	(51.62),,,,"£	(3,367.73)",,,£	7.40,,"US$	10,000.00",US$	0.00,£	0.00,,"US$	2,540.35","£	1,143.16",,,,,US$	114.72,£	64.38,£	(64.28),,£	95.23,£	(5.94),,£	247.74,,,,,"£	1,746.00",,US$	0.00,£	0.00,,,£	923.82,,,,US$	0.00,£	0.00,US$	(16.44),"£	4,331.12","US$	9,624.71",,"£	3,367.73","US$	9,624.71","US$	4,331.12","£	10,501.46","US$	23,336.57"
WEEK 2,Sunday,September 14,"£	1,950.00",,,,,,,,,,,,"US$	10,000.00",US$	0.00,£	0.00,,"US$	2,540.35","£	1,143.16",,,,,,£	0.10,£	(64.28),,£	89.29,£	(5.94),,£	247.74,,,,,"£	1,746.00",,US$	0.00,£	0.00,,,£	923.82,,,,US$	0.00,£	0.00,,"£	4,331.12","US$	9,624.71",,£	0.00,"US$	9,624.71","US$	4,331.12","£	10,431.23","US$	23,180.51"
WEEK 1,Monday,September 15,"£	1,300.00",,,,£	(450.00),,,,,,,£	(200.00),"US$	10,000.00",US$	0.00,£	0.00,,"US$	2,540.35","£	1,143.16",,,,,,£	385.82,£	(64.28),£	450.00,£	83.35,£	(5.94),,£	247.74,,,,,"£	1,746.00",,US$	0.00,£	0.00,,,£	923.82,£	(100.00),£	(100.00),£	200.00,US$	0.00,£	0.00,,"£	4,331.12","US$	9,624.71",,£	0.00,"US$	9,624.71","US$	4,331.12","£	10,161.01","US$	22,580.01"
WEEK 1,Tuesday,September 16,"£	1,300.00",,,,,,,,,,,,"US$	10,000.00",US$	0.00,£	0.00,,"US$	2,540.35","£	1,143.16",,,,,,£	321.54,£	(64.28),,£	77.40,£	(5.94),,£	247.74,,,,,"£	1,746.00",,US$	0.00,£	0.00,,,£	923.82,,,,US$	0.00,£	0.00,,"£	4,201.12","US$	9,335.82",£	(130.00),£	0.00,"US$	9,335.82","US$	4,201.12","£	9,960.78","US$	22,135.07"
WEEK 1,Wednesday,September 17,"£	1,300.00",,,,,,,,,,,,"US$	10,000.00",US$	0.00,£	0.00,,"US$	2,540.35","£	1,143.16",,,,,,£	257.26,£	(64.28),,£	71.46,£	(5.94),,£	247.74,,,,,"£	1,746.00",,US$	0.00,£	0.00,,,£	923.82,,,,US$	0.00,£	0.00,,"£	4,201.12","US$	9,335.82",,£	0.00,"US$	9,335.82","US$	4,201.12","£	9,890.56","US$	21,979.02"
WEEK 1,Thursday,September 18,"£	1,300.00",,,,,,,£	150.00,,,,£	(150.00),"US$	10,000.00",US$	0.00,£	0.00,,"US$	2,540.35","£	1,143.16",,,,,,£	192.98,£	(64.28),,£	65.51,£	(5.94),,£	247.74,,,,,"£	1,746.00",,US$	0.00,£	0.00,,,"£	1,073.82",,,£	150.00,US$	0.00,£	0.00,,"£	4,051.12","US$	9,002.49",,£	(150.00),"US$	9,002.49","US$	4,051.12","£	9,820.33","US$	21,822.96"
WEEK 1,Friday,September 19,"£	1,300.00",,,,,,,,,,,,"US$	10,000.00",US$	0.00,£	0.00,,"US$	2,540.35","£	1,143.16",,,,,,£	128.70,£	(64.28),,£	59.57,£	(5.94),,£	247.74,,,,,"£	1,746.00",,US$	0.00,£	0.00,,,"£	1,073.82",,,,US$	0.00,£	0.00,,"£	4,051.12","US$	9,002.49",,£	0.00,"US$	9,002.49","US$	4,051.12","£	9,750.11","US$	21,666.91"
WEEK 1,Saturday,September 20,"£	1,300.00",,,,,,,,,,,,"US$	10,000.00",US$	0.00,£	0.00,,"US$	2,540.35","£	1,143.16",,,,,,£	64.42,£	(64.28),,£	53.62,£	(5.94),,£	247.74,,,,,"£	1,746.00",,US$	0.00,£	0.00,,,"£	1,073.82",,,,US$	0.00,£	0.00,,"£	4,051.12","US$	9,002.49",,£	0.00,"US$	9,002.49","US$	4,051.12","£	9,679.88","US$	21,510.85"
WEEK 1,Sunday,September 21,"£	1,300.00",,,,£	(40.00),,,,,,,£	40.00,"US$	10,000.00",US$	0.00,£	0.00,,"US$	2,540.35","£	1,143.16",,,,,,£	0.14,£	(104.28),£	40.00,£	47.68,£	(5.94),,£	192.54,,,£	(55.20),,"£	1,746.00",,US$	0.00,£	0.00,,,"£	1,033.82",,,£	(40.00),US$	0.00,£	0.00,,"£	4,051.12","US$	9,002.49",,£	0.00,"US$	9,002.49","US$	4,051.12","£	9,514.46","US$	21,143.24"
WEEK 2,Monday,September 22,£	650.00,,,,£	(450.00),,,,,,,£	(200.00),"US$	10,000.00",US$	0.00,£	0.00,,"US$	2,540.35","£	1,143.16",,,,,,£	385.86,£	(64.28),£	450.00,£	41.73,£	(5.94),,£	192.54,,,,,"£	1,746.00",,US$	0.00,£	0.00,,,"£	1,033.82",£	(100.00),£	(100.00),£	200.00,US$	0.00,£	0.00,,"£	4,051.12","US$	9,002.49",,£	0.00,"US$	9,002.49","US$	4,051.12","£	9,244.23","US$	20,542.74"
WEEK 2,Tuesday,September 23,£	650.00,,,,,,,,,,,,"US$	10,000.00",US$	0.00,£	0.00,,"US$	2,540.35","£	1,143.16",,,,,,£	321.58,£	(64.28),,£	35.79,£	(5.94),,£	192.54,,,,,"£	1,746.00",,US$	0.00,£	0.00,,,"£	1,033.82",,,,US$	0.00,£	0.00,,"£	4,051.12","US$	9,002.49",,£	0.00,"US$	9,002.49","US$	4,051.12","£	9,174.01","US$	20,386.69"
WEEK 2,Wednesday,September 24,£	650.00,,,,,,,£	(307.00),,,,£	307.00,"US$	10,000.00",US$	0.00,£	0.00,,US$	682.35,£	307.06,"US$	(1,858.00)",,,,,£	257.30,£	(64.28),,£	29.84,£	(5.94),,£	192.54,,,,,"£	1,746.00",,US$	0.00,£	0.00,,,£	726.82,,,£	(307.00),US$	0.00,£	0.00,,"£	4,358.12","US$	9,684.71",,£	307.00,"US$	9,684.71","US$	4,358.12","£	8,267.68","US$	18,372.63"
WEEK 2,Thursday,September 25,£	650.00,,,,,,,,,,,,"US$	10,000.00",US$	0.00,£	0.00,,US$	682.35,£	307.06,,,,,,£	193.02,£	(64.28),,£	23.90,£	(5.94),,£	192.54,,,,,"£	1,746.00",,US$	0.00,£	0.00,,,£	726.82,,,,US$	0.00,£	0.00,,"£	4,358.12","US$	9,684.71",,£	0.00,"US$	9,684.71","US$	4,358.12","£	8,197.46","US$	18,216.58"
WEEK 2,Friday,September 26,£	650.00,,,,,,,,,,,,"US$	10,000.00",US$	0.00,£	0.00,,US$	682.35,£	307.06,,,,,,£	128.74,£	(64.28),,£	17.95,£	(5.94),,£	192.54,,,,,"£	1,746.00",,US$	0.00,£	0.00,,,£	726.82,,,,US$	0.00,£	0.00,,"£	4,358.12","US$	9,684.71",,£	0.00,"US$	9,684.71","US$	4,358.12","£	8,127.23","US$	18,060.52"
WEEK 2,Saturday,September 27,£	650.00,,,,,,,,,,,,"US$	10,000.00",US$	0.00,£	0.00,,US$	682.35,£	307.06,,,,,,£	64.46,£	(64.28),,£	12.01,£	(5.94),,£	192.54,,,,,"£	1,746.00",,US$	0.00,£	0.00,,,£	726.82,,,,US$	0.00,£	0.00,,"£	3,908.12","US$	8,684.71",£	(450.00),£	0.00,"US$	8,684.71","US$	3,908.12","£	7,607.01","US$	16,904.47"
WEEK 2,Sunday,September 28,£	650.00,,,,,,,,,,,,"US$	10,000.00",US$	0.00,£	0.00,,US$	587.63,£	264.43,,,,,,£	0.18,£	(64.28),,£	6.06,£	(5.94),,£	192.54,,,,,"£	1,746.00",,US$	0.00,£	0.00,,,£	726.82,,,,US$	0.00,£	0.00,,"£	3,908.12","US$	8,684.71",,£	0.00,"US$	8,684.71","US$	3,908.12","£	7,494.16","US$	16,653.69"
WEEK 1,Monday,September 29,£	0.00,,,,£	(450.00),,,,,,,£	(200.00),"US$	10,000.00",US$	0.00,£	0.00,,US$	587.63,£	264.43,,,,,,£	385.90,£	(64.28),£	450.00,£	0.12,£	(5.94),,£	192.54,,,,,"£	1,746.00",,US$	0.00,£	0.00,,,£	726.82,£	(100.00),£	(100.00),£	200.00,US$	0.00,£	0.00,,"£	3,908.12","US$	8,684.71",,£	0.00,"US$	8,684.71","US$	3,908.12","£	7,223.94","US$	16,053.19"
WEEK 1,Tuesday,September 30,"£	1,500.00","£	4,204.19",,,,£	(178.34),"£	(2,050.00)",£	(475.85),,,,,"US$	10,000.00",US$	0.00,£	0.00,,US$	587.63,£	264.43,,,,,,£	321.62,£	(64.28),,£	172.52,£	(5.94),£	178.34,"£	2,242.54",,,,"£	2,050.00","£	1,746.00",,US$	0.00,£	0.00,,,£	726.82,,,,US$	0.00,£	0.00,,"£	4,383.97","US$	9,742.16",,£	475.85,"US$	9,742.16","US$	4,383.97","£	11,357.90","US$	25,239.78"
WEEK 1,Wednesday,October 1,"£	1,500.00",,,,,,,,,,,,"US$	10,000.00",US$	0.00,£	0.00,,US$	587.63,£	264.43,,,,,,£	257.34,£	(64.28),,£	166.76,£	(5.75),,£	192.54,,"£	(1,800.00)",£	(250.00),,"£	1,746.00",,US$	0.00,£	0.00,,,£	726.82,,,,US$	0.00,£	0.00,,"£	4,383.97","US$	9,742.16",,£	0.00,"US$	9,742.16","US$	4,383.97","£	9,237.87","US$	20,528.60"
WEEK 1,Thursday,October 2,"£	1,500.00",,,,,,,,,,,,"US$	10,000.00",US$	0.00,£	0.00,,"US$	3,623.77","£	1,630.70",,,,"US$	3,036.14",,£	193.06,£	(64.28),,£	161.01,£	(5.75),,£	192.54,,,,,"£	1,746.00",,US$	0.00,£	0.00,,,£	726.82,,,,US$	0.00,£	0.00,,"£	4,383.97","US$	9,742.16",,£	0.00,"US$	9,742.16","US$	4,383.97","£	10,534.10","US$	23,409.11"
WEEK 1,Friday,October 3,"£	1,500.00",,,,,,,,,,,,"US$	10,000.00",US$	0.00,£	0.00,,"US$	3,623.77","£	1,630.70",,,,,,£	128.78,£	(64.28),,£	155.26,£	(5.75),,£	192.54,,,,,"£	1,746.00",,US$	0.00,£	0.00,,,£	726.82,,,,US$	0.00,£	0.00,,"£	4,383.97","US$	9,742.16",,£	0.00,"US$	9,742.16","US$	4,383.97","£	10,464.07","US$	23,253.48"
WEEK 1,Saturday,October 4,"£	1,500.00",,,,,,,,,,,,"US$	10,000.00",US$	0.00,£	0.00,,"US$	3,623.77","£	1,630.70",,,,,,£	64.50,£	(64.28),,£	149.50,£	(5.75),,£	192.54,,,,,"£	1,746.00",,US$	0.00,£	0.00,,,£	726.82,,,,US$	0.00,£	0.00,,"£	4,383.97","US$	9,742.16",,£	0.00,"US$	9,742.16","US$	4,383.97","£	10,394.03","US$	23,097.85"
WEEK 1,Sunday,October 5,"£	1,500.00",,,,,,,,,,,,"US$	10,000.00",US$	0.00,£	0.00,,"US$	3,623.77","£	1,630.70",,,,,,£	0.22,£	(64.28),,£	143.75,£	(5.75),,£	192.54,,,,,"£	1,746.00",,US$	0.00,£	0.00,,,£	726.82,,,,US$	0.00,£	0.00,,"£	4,383.97","US$	9,742.16",,£	0.00,"US$	9,742.16","US$	4,383.97","£	10,324.00","US$	22,942.22"
WEEK 2,Monday,October 6,£	850.00,,,,£	(450.00),,,,,,,£	(200.00),"US$	10,000.00",US$	0.00,£	0.00,,"US$	3,623.77","£	1,630.70",,,,,,£	385.94,£	(64.28),£	450.00,£	138.00,£	(5.75),,£	192.54,,,,,"£	1,746.00",,US$	0.00,£	0.00,,,£	726.82,£	(100.00),£	(100.00),£	200.00,US$	0.00,£	0.00,,"£	3,708.97","US$	8,242.16",£	(675.00),£	0.00,"US$	8,242.16","US$	3,708.97","£	9,378.97","US$	20,842.15"
WEEK 2,Tuesday,October 7,£	850.00,,,,,,,,,,,,"US$	10,000.00",US$	0.00,£	0.00,,"US$	3,623.77","£	1,630.70",,,,,,£	321.66,£	(64.28),,£	132.25,£	(5.75),,£	192.54,,,,,"£	1,746.00",,US$	0.00,£	0.00,,,£	726.82,,,,US$	0.00,£	0.00,,"£	3,708.97","US$	8,242.16",,£	0.00,"US$	8,242.16","US$	3,708.97","£	9,308.94","US$	20,686.52"
WEEK 2,Wednesday,October 8,£	850.00,,,,,,,,,,,,"US$	10,000.00",US$	0.00,£	0.00,,"US$	1,765.77",£	794.60,"US$	(1,858.00)",,,,,£	257.38,£	(64.28),,£	126.49,£	(5.75),,£	192.54,,,,,"£	1,746.00",,US$	0.00,£	0.00,,,£	726.82,,,,US$	0.00,£	0.00,,"£	3,708.97","US$	8,242.16",,£	0.00,"US$	8,242.16","US$	3,708.97","£	8,402.80","US$	18,672.89"
WEEK 2,Thursday,October 9,£	650.01,,,"£	(2,000.00)",£	(200.00),,,"£	2,000.00",,,,,"US$	10,000.00",US$	0.00,£	0.00,,"US$	6,210.21","£	2,794.59",,,,,"US$	4,444.44",£	393.10,£	(64.28),£	200.00,£	120.74,£	(5.75),,£	192.54,,,,,"£	1,746.00",,US$	0.00,£	0.00,,,£	726.82,,,,US$	0.00,£	0.00,,"£	1,708.97","US$	3,797.71",,"£	(2,000.00)","US$	3,797.71","US$	1,708.97","£	8,332.77","US$	18,517.26"
WEEK 2,Friday,October 10,£	650.00,,,,,,,£	209.70,,,,£	(209.71),"US$	10,000.00",US$	0.00,£	0.00,,"US$	6,210.21","£	2,794.59",,,,,,£	128.82,£	(264.28),,£	114.99,£	(5.75),,£	192.54,,,,,"£	1,746.00",,US$	0.00,£	0.00,,,£	936.53,,,£	209.71,US$	0.00,£	0.00,,"£	1,499.27","US$	3,331.71",,£	(209.70),"US$	3,331.71","US$	1,499.27","£	8,062.74","US$	17,917.19"
WEEK 2,Saturday,October 11,£	650.00,,,,,,,£	204.00,,,,£	(204.00),"US$	10,000.00",US$	0.00,£	0.00,,"US$	6,210.21","£	2,794.59",,,,,,£	64.54,£	(64.28),,£	109.23,£	(5.75),,£	192.54,,,,,"£	1,746.00",,US$	0.00,£	0.00,,,"£	1,140.53",,,£	204.00,US$	0.00,£	0.00,,"£	1,295.27","US$	2,878.38",,£	(204.00),"US$	2,878.38","US$	1,295.27","£	7,992.70","US$	17,761.56"
WEEK 2,Sunday,October 12,£	650.00,,,,,,,,,,,,"US$	10,000.00",US$	0.00,£	0.00,,"US$	6,210.21","£	2,794.59",,,,,,£	0.26,£	(64.28),,£	103.48,£	(5.75),,£	192.54,,,,,"£	1,746.00",,US$	0.00,£	0.00,,,"£	1,140.53",,,,US$	0.00,£	0.00,,"£	1,295.27","US$	2,878.38",,£	0.00,"US$	2,878.38","US$	1,295.27","£	7,922.67","US$	17,605.93"
WEEK 1,Monday,October 13,£	(0.00),,,,£	(450.00),,,,,,,£	(200.00),"US$	10,000.00",US$	0.00,£	0.00,,"US$	6,210.21","£	2,794.59",,,,,,£	385.98,£	(64.28),£	450.00,£	97.73,£	(5.75),,£	192.54,,,,,"£	1,746.00",,US$	0.00,£	0.00,,,"£	1,140.53",£	(100.00),£	(100.00),£	200.00,US$	0.00,£	0.00,,"£	1,295.27","US$	2,878.38",,£	0.00,"US$	2,878.38","US$	1,295.27","£	7,652.64","US$	17,005.86"
WEEK 1,Tuesday,October 14,£	(0.00),,,,,,,£	(100.00),,,,£	100.00,"US$	10,000.00",US$	0.00,£	0.00,,"US$	6,210.21","£	2,794.59",,,,,,£	321.70,£	(64.28),,£	91.97,£	(5.75),,£	192.54,,,,,"£	1,746.00",,US$	0.00,£	0.00,,,"£	1,040.53",,,£	(100.00),US$	0.00,£	0.00,,"£	1,395.27","US$	3,100.60",,£	100.00,"US$	3,100.60","US$	1,395.27","£	7,582.60","US$	16,850.23"
WEEK 1,Wednesday,October 15,"£	1,213.00","£	3,879.18",,,,,,"£	(2,666.18)",,,,,"US$	10,000.00",US$	0.00,£	0.00,,"US$	6,210.21","£	2,794.59",,,,,,£	257.42,£	(64.28),,£	86.22,£	(5.75),,£	192.54,,,,,"£	1,746.00",,US$	0.00,£	0.00,,,"£	1,040.53",,,,US$	0.00,£	0.00,,"£	4,061.45","US$	9,025.44",,"£	2,666.18","US$	9,025.44","US$	4,061.45","£	11,391.75","US$	25,315.00"
WEEK 1,Thursday,October 16,"£	1,213.00",,,,,,,,,,,,"US$	10,000.00",US$	0.00,£	0.00,,"US$	6,210.21","£	2,794.59",,,,,,£	193.14,£	(64.28),,£	80.47,£	(5.75),,£	192.54,,,,,"£	1,746.00",,US$	0.00,£	0.00,,,"£	1,040.53",,,,US$	0.00,£	0.00,,"£	4,061.45","US$	9,025.44",,£	0.00,"US$	9,025.44","US$	4,061.45","£	11,321.72","US$	25,159.38"
WEEK 1,Friday,October 17,"£	1,213.00",,,,,,,,,,,,"US$	10,000.00",US$	0.00,£	0.00,,"US$	6,210.21","£	2,794.59",,,,,,£	128.86,£	(64.28),,£	74.72,£	(5.75),,£	192.54,,,,,"£	1,746.00",,US$	0.00,£	0.00,,,"£	1,040.53",,,,US$	0.00,£	0.00,,"£	4,061.45","US$	9,025.44",,£	0.00,"US$	9,025.44","US$	4,061.45","£	11,251.69","US$	25,003.75"
WEEK 1,Saturday,October 18,"£	1,213.00",,,,,,,,,,,,"US$	10,000.00",US$	0.00,£	0.00,,"US$	6,210.21","£	2,794.59",,,,,,£	64.58,£	(64.28),,£	68.96,£	(5.75),,£	192.54,,,,,"£	1,746.00",,US$	0.00,£	0.00,,,"£	1,040.53",,,,US$	0.00,£	0.00,,"£	4,061.45","US$	9,025.44",,£	0.00,"US$	9,025.44","US$	4,061.45","£	11,181.65","US$	24,848.12"
WEEK 1,Sunday,October 19,"£	1,213.00",,,,,,,,,,,,"US$	10,000.00",US$	0.00,£	0.00,,"US$	6,210.21","£	2,794.59",,,,,,£	0.30,£	(64.28),,£	63.21,£	(5.75),,£	192.54,,,,,"£	1,746.00",,US$	0.00,£	0.00,,,"£	1,040.53",,,,US$	0.00,£	0.00,,"£	4,061.45","US$	9,025.44",,£	0.00,"US$	9,025.44","US$	4,061.45","£	11,111.62","US$	24,692.49"
WEEK 2,Monday,October 20,£	563.00,,,,£	(450.00),,,,,,,£	(200.00),"US$	10,000.00",US$	0.00,£	0.00,,"US$	6,210.21","£	2,794.59",,,,,,£	386.02,£	(64.28),£	450.00,£	57.46,£	(5.75),,£	192.54,,,,,"£	1,746.00",,US$	0.00,£	0.00,,,"£	1,040.53",£	(100.00),£	(100.00),£	200.00,US$	0.00,£	0.00,,"£	3,948.45","US$	8,774.33",£	(113.00),£	0.00,"US$	8,774.33","US$	3,948.45","£	10,728.59","US$	23,841.31"
WEEK 2,Tuesday,October 21,£	450.00,,,,,,,,,,,£	(113.00),"US$	10,000.00",US$	0.00,£	0.00,,"US$	6,210.21","£	2,794.59",,,,,,£	321.74,£	(64.28),,£	51.70,£	(5.75),,£	192.54,,,,,"£	1,746.00",,US$	0.00,£	0.00,,,"£	1,153.53",,,£	113.00,US$	0.00,£	0.00,,"£	3,793.45","US$	8,429.89",£	(155.00),£	0.00,"US$	8,429.89","US$	3,793.45","£	10,503.55","US$	23,341.23"
WEEK 2,Wednesday,October 22,£	550.00,,,,,,,,,,,£	100.00,"US$	10,000.00",US$	0.00,£	0.00,,"US$	4,352.21","£	1,958.49","US$	(1,858.00)",,,,,£	257.46,£	(64.28),,£	45.95,£	(5.75),,£	192.54,,,,,"£	1,746.00",,US$	0.00,£	0.00,,,"£	1,053.53",,,£	(100.00),US$	0.00,£	0.00,,"£	3,143.45","US$	6,985.44",£	(650.00),£	0.00,"US$	6,985.44","US$	3,143.45","£	8,947.42","US$	19,883.16"
WEEK 2,Thursday,October 23,£	650.00,,,,,,,£	100.00,,,,,"US$	10,000.00",US$	0.00,£	0.00,,"US$	4,352.21","£	1,958.49",,,,,,£	193.18,£	(64.28),,£	40.20,£	(5.75),,£	192.54,,,,,"£	1,746.00",,US$	0.00,£	0.00,,,"£	1,053.53",,,,US$	0.00,£	0.00,,"£	1,912.64","US$	4,250.31","£	(1,130.81)",£	(100.00),"US$	4,250.31","US$	1,912.64","£	7,746.58","US$	17,214.62"
WEEK 2,Friday,October 24,£	650.00,£	594.00,,,,,,£	(594.00),,,,,"US$	10,000.00",US$	0.00,£	0.00,,"US$	4,352.21","£	1,958.49",,,,,,£	128.90,£	(64.28),,£	34.45,£	(5.75),,£	192.54,,,,,"£	1,746.00",,US$	0.00,£	0.00,,,"£	1,053.53",,,,US$	0.00,£	0.00,,"£	2,506.64","US$	5,570.31",,£	594.00,"US$	5,570.31","US$	2,506.64","£	8,270.55","US$	18,378.99"
WEEK 2,Saturday,October 25,£	650.00,,,,,,,,,,,,"US$	10,000.00",US$	0.00,£	0.00,,"US$	4,352.21","£	1,958.49",,,,,,£	64.62,£	(64.28),,£	28.69,£	(5.75),,£	192.54,,,,,"£	1,746.00",,US$	0.00,£	0.00,,,"£	1,053.53",,,,US$	0.00,£	0.00,,"£	2,506.64","US$	5,570.31",,£	0.00,"US$	5,570.31","US$	2,506.64","£	8,200.51","US$	18,223.36"
WEEK 2,Sunday,October 26,£	650.00,,,,,,,,,,,,"US$	10,000.00",US$	0.00,£	0.00,,"US$	4,352.21","£	1,958.49",,,,,,£	0.34,£	(64.28),,£	22.94,£	(5.75),,£	192.54,,,,,"£	1,746.00",,US$	0.00,£	0.00,,,"£	1,053.53",,,,US$	0.00,£	0.00,,"£	2,506.64","US$	5,570.31",,£	0.00,"US$	5,570.31","US$	2,506.64","£	8,130.48","US$	18,067.73"
WEEK 1,Monday,October 27,£	(0.00),,,,£	(450.00),,,,,,,£	(200.00),"US$	10,000.00",US$	0.00,£	0.00,,"US$	4,352.21","£	1,958.49",,,,,,£	386.06,£	(64.28),£	450.00,£	17.19,£	(5.75),,£	192.54,,,,,"£	1,746.00",,US$	0.00,£	0.00,,,"£	1,053.53",£	(100.00),£	(100.00),£	200.00,US$	0.00,£	0.00,,"£	2,506.64","US$	5,570.31",,£	0.00,"US$	5,570.31","US$	2,506.64","£	7,860.45","US$	17,467.66"
WEEK 1,Tuesday,October 28,£	(0.00),,,,,,,,,,,,"US$	10,000.00",US$	0.00,£	0.00,,"US$	4,352.21","£	1,958.49",,,,,,£	321.78,£	(64.28),,£	11.43,£	(5.75),,£	192.54,,,,,"£	1,746.00",,US$	0.00,£	0.00,,,"£	1,053.53",,,,US$	0.00,£	0.00,,"£	2,506.64","US$	5,570.31",,£	0.00,"US$	5,570.31","US$	2,506.64","£	7,790.41","US$	17,312.03"
WEEK 1,Wednesday,October 29,£	(0.00),,,,,,,,,,,,"US$	10,000.00",US$	0.00,£	0.00,,"US$	4,352.21","£	1,958.49",,,,,,£	257.50,£	(64.28),,£	5.68,£	(5.75),,£	192.54,,,,,"£	1,746.00",,US$	0.00,£	0.00,,,"£	1,053.53",,,,US$	0.00,£	0.00,,"£	2,506.64","US$	5,570.31",,£	0.00,"US$	5,570.31","US$	2,506.64","£	7,720.38","US$	17,156.40"
WEEK 1,Thursday,October 30,£	(0.00),,,,,,,,,,,,"US$	10,000.00",US$	0.00,£	0.00,,"US$	4,352.21","£	1,958.49",,,,,,£	193.22,£	(64.28),,£	(0.07),£	(5.75),,£	192.54,,,,,"£	1,746.00",,US$	0.00,£	0.00,,,"£	1,053.53",,,,US$	0.00,£	0.00,,"£	2,506.64","US$	5,570.31",,£	0.00,"US$	5,570.31","US$	2,506.64","£	7,650.35","US$	17,000.77"
WEEK 1,Friday,October 31,"£	1,500.00","£	4,204.19",,,,£	(178.34),"£	(2,050.00)",£	(475.85),,,,,"US$	10,000.00",US$	0.00,£	0.00,,"US$	4,352.21","£	1,958.49",,,,,,£	128.94,£	(64.28),,£	172.52,£	(5.75),£	178.34,"£	2,242.54",,,,"£	2,050.00","£	1,746.00",,US$	0.00,£	0.00,,,"£	1,053.53",,,,US$	0.00,£	0.00,,"£	2,982.49","US$	6,627.76",,£	475.85,"US$	6,627.76","US$	2,982.49","£	11,784.51","US$	26,187.79"
WEEK 1,Saturday,November 1,"£	1,500.00",,,,,,,,,,,,"US$	10,000.00",US$	0.00,£	0.00,,"US$	6,724.85","£	3,026.18",,,,"US$	2,372.64",,£	64.66,£	(64.28),,£	166.57,£	(5.94),,£	192.54,,"£	(1,800.00)",£	(250.00),,"£	1,746.00",,US$	0.00,£	0.00,,,"£	1,053.53",,,,US$	0.00,£	0.00,,"£	2,982.49","US$	6,627.76",,£	0.00,"US$	6,627.76","US$	2,982.49","£	10,731.97","US$	23,848.82"
WEEK 1,Sunday,November 2,"£	1,500.00",,,,,,,£	681.00,,,,£	(681.00),"US$	10,000.00",US$	0.00,£	0.00,,"US$	6,724.85","£	3,026.18",,,,,,£	0.38,£	(64.28),,£	160.63,£	(5.94),,£	192.54,,,,,"£	1,746.00",,US$	0.00,£	0.00,,,"£	1,734.53",,,£	681.00,US$	0.00,£	0.00,,£	226.18,US$	502.62,"£	(2,075.31)",£	(681.00),US$	502.62,US$	226.18,"£	8,586.43","US$	19,080.96"
WEEK 2,Monday,November 3,£	850.00,,,,£	(450.00),,,,,,,£	(200.00),"US$	10,000.00",US$	0.00,£	0.00,,"US$	6,724.85","£	3,026.18",,,,,,£	386.10,£	(64.28),£	450.00,£	154.68,£	(5.94),,£	192.54,,,,,"£	1,746.00",,US$	0.00,£	0.00,,,"£	1,734.53",£	(100.00),£	(100.00),£	200.00,US$	0.00,£	0.00,,£	226.18,US$	502.62,,£	0.00,US$	502.62,US$	226.18,"£	8,316.21","US$	18,480.47"
WEEK 2,Tuesday,November 4,£	650.00,,,,£	(200.00),,,£	(150.04),,,,£	150.04,"US$	10,000.00",US$	0.00,£	0.00,,"US$	6,724.85","£	3,026.18",,,,,,£	521.82,£	(64.28),£	200.00,£	148.74,£	(5.94),,£	192.54,,,,,"£	1,746.00",,US$	0.00,£	0.00,,,"£	1,584.49",,,£	(150.04),US$	0.00,£	0.00,,£	376.22,US$	836.04,,£	150.04,US$	836.04,US$	376.22,"£	8,245.98","US$	18,324.41"
WEEK 2,Wednesday,November 5,£	650.00,,,,,,,,,,,,"US$	10,000.00",US$	0.00,£	0.00,,"US$	4,866.85","£	2,190.08","US$	(1,858.00)",,,,,£	457.54,£	(64.28),,£	142.79,£	(5.94),,£	192.54,,,,,"£	1,746.00",,US$	0.00,£	0.00,,,"£	1,584.49",,,,US$	0.00,£	0.00,,£	376.22,US$	836.04,,£	0.00,US$	836.04,US$	376.22,"£	7,339.66","US$	16,310.36"
WEEK 2,Thursday,November 6,£	650.00,,,,,,,,,,,,"US$	10,000.00",US$	0.00,£	0.00,,"US$	4,866.85","£	2,190.08",,,,,,£	393.26,£	(64.28),,£	136.85,£	(5.94),,£	192.54,,,,,"£	1,746.00",,US$	0.00,£	0.00,,,"£	1,584.49",,,,US$	0.00,£	0.00,,£	376.22,US$	836.04,,£	0.00,US$	836.04,US$	376.22,"£	7,269.44","US$	16,154.30"
WEEK 2,Friday,November 7,£	650.00,,,,,,,,,,,,"US$	10,000.00",US$	0.00,£	0.00,,"US$	4,866.85","£	2,190.08",,,,,,£	128.98,£	(264.28),,£	130.90,£	(5.94),,£	192.54,,,,,"£	1,746.00",,US$	0.00,£	0.00,,,"£	1,584.49",,,,US$	0.00,£	0.00,,£	376.22,US$	836.04,,£	0.00,US$	836.04,US$	376.22,"£	6,999.21","US$	15,553.80"
WEEK 2,Saturday,November 8,£	650.00,,,,,,,,,,,,"US$	10,000.00",US$	0.00,£	0.00,,"US$	4,866.85","£	2,190.08",,,,,,£	64.70,£	(64.28),,£	124.96,£	(5.94),,£	192.54,,,,,"£	1,746.00",,US$	0.00,£	0.00,,,"£	1,584.49",,,,US$	0.00,£	0.00,,£	376.22,US$	836.04,,£	0.00,US$	836.04,US$	376.22,"£	6,928.99","US$	15,397.75"
WEEK 2,Sunday,November 9,£	650.00,,,,,,,,,,,,"US$	10,000.00",US$	0.00,£	0.00,,"US$	4,866.85","£	2,190.08",,,,,,£	0.42,£	(64.28),,£	119.01,£	(5.94),,£	192.54,,,,,"£	1,746.00",,US$	0.00,£	0.00,,,"£	1,584.49",,,,US$	0.00,£	0.00,,£	376.22,US$	836.04,,£	0.00,US$	836.04,US$	376.22,"£	6,858.76","US$	15,241.69"
WEEK 1,Monday,November 10,£	(0.00),,,,£	(450.00),,,,,,,£	(200.00),"US$	10,000.00",US$	0.00,£	0.00,,"US$	4,194.82","£	1,887.67",,US$	(672.03),,,,£	386.14,£	(64.28),£	450.00,£	113.07,£	(5.94),,£	192.54,,,,,"£	1,746.00",,US$	0.00,£	0.00,,,"£	1,584.49",£	(100.00),£	(100.00),£	200.00,US$	0.00,£	0.00,,£	580.22,"US$	1,289.38",£	204.00,£	0.00,"US$	1,289.38",US$	580.22,"£	6,490.12","US$	14,422.50"
WEEK 1,Tuesday,November 11,£	(0.00),,,,,,,£	(225.00),,,,£	225.00,"US$	10,000.00",US$	0.00,£	0.00,,"US$	4,194.82","£	1,887.67",,,,,,£	321.86,£	(64.28),,£	107.12,£	(5.94),,£	192.54,,,,,"£	1,746.00",,US$	0.00,£	0.00,,,"£	1,359.49",,,£	(225.00),US$	0.00,£	0.00,,£	805.22,"US$	1,789.38",,£	225.00,"US$	1,789.38",US$	805.22,"£	6,419.90","US$	14,266.44"
WEEK 1,Wednesday,November 12,£	(0.00),,,,,,,£	(55.99),,,,£	55.99,"US$	10,000.00",US$	0.00,£	0.00,,"US$	4,194.82","£	1,887.67",,,,,,£	257.58,£	(64.28),,£	101.18,£	(5.94),,£	192.54,,,,,"£	1,746.00",,US$	0.00,£	0.00,,,"£	1,303.50",,,£	(55.99),US$	0.00,£	0.00,,£	861.21,"US$	1,913.80",,£	55.99,"US$	1,913.80",US$	861.21,"£	6,349.67","US$	14,110.39"
WEEK 1,Thursday,November 13,£	(0.00),,,,,,,,,,,,"US$	10,000.00",US$	0.00,£	0.00,,"US$	4,194.82","£	1,887.67",,,,,,£	193.30,£	(64.28),,£	95.23,£	(5.94),,£	192.54,,,,,"£	1,746.00",,US$	0.00,£	0.00,,,"£	1,303.50",,,,US$	0.00,£	0.00,,£	861.21,"US$	1,913.80",,£	0.00,"US$	1,913.80",US$	861.21,"£	6,279.45","US$	13,954.33"
WEEK 1,Friday,November 14,£	(0.00),,,,,,,,,,,,"US$	10,000.00",US$	0.00,£	0.00,,"US$	4,194.82","£	1,887.67",,,,,,£	129.02,£	(64.28),,£	89.29,£	(5.94),,£	192.54,,,,,"£	1,746.00",,US$	0.00,£	0.00,,,"£	1,303.50",,,,US$	0.00,£	0.00,,£	861.21,"US$	1,913.80",,£	0.00,"US$	1,913.80",US$	861.21,"£	6,209.22","US$	13,798.28"
WEEK 1,Saturday,November 15,"£	1,300.00","£	3,879.18",,,,,,"£	(2,579.18)",,,,,"US$	10,000.00",US$	0.00,£	0.00,,"US$	4,194.82","£	1,887.67",,,,,,£	64.74,£	(64.28),,£	83.35,£	(5.94),,£	192.54,,,,,"£	1,746.00",,US$	0.00,£	0.00,,,"£	1,303.50",,,,US$	0.00,£	0.00,,"£	3,440.39","US$	7,645.31",,"£	2,579.18","US$	7,645.31","US$	3,440.39","£	10,018.18","US$	22,262.62"
WEEK 1,Sunday,November 16,"£	1,300.00",,,,,,,,,,,,"US$	10,000.00",US$	0.00,£	0.00,,"US$	4,194.82","£	1,887.67",,,,,,£	0.46,£	(64.28),,£	77.40,£	(5.94),,£	192.54,,,,,"£	1,746.00",,US$	0.00,£	0.00,,,"£	1,303.50",,,,US$	0.00,£	0.00,,"£	3,011.39","US$	6,691.98",£	(429.00),£	0.00,"US$	6,691.98","US$	3,011.39","£	9,518.96","US$	21,153.23"
WEEK 2,Monday,November 17,£	650.00,,,,£	(450.00),,,,,,,£	(200.00),"US$	10,000.00",US$	0.00,£	0.00,,"US$	4,194.82","£	1,887.67",,,,,,£	386.18,£	(64.28),£	450.00,£	71.46,£	(5.94),,£	0.00,,,£	(192.54),,"£	1,746.00",,US$	0.00,£	0.00,,,"£	1,303.50",£	(100.00),£	(100.00),£	200.00,US$	0.00,£	0.00,,"£	3,011.39","US$	6,691.98",,£	0.00,"US$	6,691.98","US$	3,011.39","£	9,056.19","US$	20,124.87"
WEEK 2,Tuesday,November 18,£	650.00,,,,,,,£	96.00,,,,£	(96.00),"US$	10,000.00",US$	0.00,£	0.00,,"US$	4,194.82","£	1,887.67",,,,,,£	321.90,£	(64.28),,£	65.51,£	(5.94),,£	0.00,,,,,"£	1,746.00",,US$	0.00,£	0.00,,,"£	1,399.50",,,£	96.00,US$	0.00,£	0.00,,"£	2,915.39","US$	6,478.64",,£	(96.00),"US$	6,478.64","US$	2,915.39","£	8,985.97","US$	19,968.81"
WEEK 2,Wednesday,November 19,£	650.00,,,,,,,£	273.00,,,,£	(273.00),"US$	10,000.00",US$	0.00,£	0.00,,"US$	2,336.82","£	1,051.57","US$	(1,858.00)",,,,,£	257.62,£	(64.28),,£	59.57,£	(5.94),,£	0.00,,,,,"£	1,746.00",,US$	0.00,£	0.00,,,"£	1,672.50",,,£	273.00,US$	0.00,£	0.00,,"£	2,642.39","US$	5,871.98",,£	(273.00),"US$	5,871.98","US$	2,642.39","£	8,079.64","US$	17,954.76"
WEEK 2,Thursday,November 20,£	650.00,,,,,,,£	(207.00),,,,£	207.00,"US$	10,000.00",US$	0.00,£	0.00,,"US$	2,336.82","£	1,051.57",,,,,,£	193.34,£	(64.28),,£	53.62,£	(5.94),,£	0.00,,,,,"£	1,746.00",,US$	0.00,£	0.00,,,"£	1,465.50",,,£	(207.00),US$	0.00,£	0.00,,"£	2,849.39","US$	6,331.98",,£	207.00,"US$	6,331.98","US$	2,849.39","£	8,009.42","US$	17,798.70"
WEEK 2,Friday,November 21,£	650.00,,,,,,,£	(66.00),,,,£	66.00,"US$	10,000.00",US$	0.00,£	0.00,,"US$	2,336.82","£	1,051.57",,,,,,£	129.06,£	(64.28),,£	47.68,£	(5.94),,£	0.00,,,,,"£	1,746.00",,US$	0.00,£	0.00,,,"£	1,399.50",,,£	(66.00),US$	0.00,£	0.00,,"£	2,915.39","US$	6,478.64",,£	66.00,"US$	6,478.64","US$	2,915.39","£	7,939.19","US$	17,642.65"
WEEK 2,Saturday,November 22,£	650.00,,,,,,,,,,,,"US$	10,000.00",US$	0.00,£	0.00,,"US$	2,336.82","£	1,051.57",,,,,,£	64.78,£	(64.28),,£	41.73,£	(5.94),,£	0.00,,,,,"£	1,746.00",,US$	0.00,£	0.00,,,"£	1,399.50",,,,US$	0.00,£	0.00,,"£	2,915.39","US$	6,478.64",,£	0.00,"US$	6,478.64","US$	2,915.39","£	7,868.97","US$	17,486.59"
WEEK 2,Sunday,November 23,£	650.00,,,,,,,,,,,,"US$	10,000.00",US$	0.00,£	0.00,,"US$	2,336.82","£	1,051.57",,,,,,£	0.50,£	(64.28),,£	35.79,£	(5.94),,£	0.00,,,,,"£	1,746.00",,US$	0.00,£	0.00,,,"£	1,399.50",,,,US$	0.00,£	0.00,,"£	2,915.39","US$	6,478.64",,£	0.00,"US$	6,478.64","US$	2,915.39","£	7,798.74","US$	17,330.54"
WEEK 1,Monday,November 24,£	55.15,,,,£	(450.00),,,£	55.15,,,,£	(200.00),"US$	10,000.00",US$	0.00,£	0.00,,"US$	2,336.82","£	1,051.57",,,,,,£	386.22,£	(64.28),£	450.00,£	29.84,£	(5.94),,£	0.00,,,,,"£	1,746.00",,US$	0.00,£	0.00,,,"£	1,399.50",£	(100.00),£	(100.00),£	200.00,US$	0.00,£	0.00,,"£	2,860.24","US$	6,356.09",,£	(55.15),"US$	6,356.09","US$	2,860.24","£	7,528.52","US$	16,730.04"
WEEK 1,Tuesday,November 25,£	(0.00),,,,£	(55.15),,,£	179.00,,,,£	(179.00),"US$	10,000.00",US$	0.00,£	0.00,,"US$	2,336.82","£	1,051.57",,,,,,£	377.09,£	(64.28),£	55.15,£	23.90,£	(5.94),,£	0.00,,,,,"£	1,746.00",,US$	0.00,£	0.00,,,"£	1,578.50",,,£	179.00,US$	0.00,£	0.00,,"£	2,681.24","US$	5,958.31",,£	(179.00),"US$	5,958.31","US$	2,681.24","£	7,458.29","US$	16,573.98"
WEEK 1,Wednesday,November 26,£	(0.00),,,,,,,£	(200.00),,,,£	200.00,"US$	10,000.00",US$	0.00,£	0.00,,"US$	2,336.82","£	1,051.57",,,,,,£	312.81,£	(64.28),,£	17.95,£	(5.94),,£	0.00,,,,,"£	1,746.00",,US$	0.00,£	0.00,,,"£	1,378.50",,,£	(200.00),US$	0.00,£	0.00,,"£	2,881.24","US$	6,402.76",,£	200.00,"US$	6,402.76","US$	2,881.24","£	7,388.07","US$	16,417.93"
WEEK 1,Thursday,November 27,£	(173.58),,,,,,,£	(173.58),,,,,"US$	10,000.00",US$	0.00,£	0.00,,"US$	2,336.82","£	1,051.57",,,,,,£	248.53,£	(64.28),,£	12.01,£	(5.94),,£	0.00,,,,,"£	1,746.00",,US$	0.00,£	0.00,,,"£	1,378.50",,,,US$	0.00,£	0.00,,"£	3,054.82","US$	6,788.49",,£	173.58,"US$	6,788.49","US$	3,054.82","£	7,317.84","US$	16,261.88"
WEEK 1,Friday,November 28,£	(173.58),,,,,,,£	84.00,,,,£	(84.00),"US$	10,000.00",US$	0.00,£	0.00,,"US$	2,336.82","£	1,051.57",,,,,,£	184.25,£	(64.28),,£	6.06,£	(5.94),,£	0.00,,,,,"£	1,746.00",,US$	0.00,£	0.00,,,"£	1,462.50",,,£	84.00,US$	0.00,£	0.00,,"£	2,970.82","US$	6,601.82",,£	(84.00),"US$	6,601.82","US$	2,970.82","£	7,247.62","US$	16,105.82"
WEEK 1,Saturday,November 29,£	(173.58),,,,,,,327.06,,,,£	(327.06),"US$	10,000.00",US$	0.00,£	0.00,,"US$	2,336.82","£	1,051.57",,,,,,£	119.97,£	(64.28),,£	0.12,£	(5.94),,£	0.00,,,,,"£	1,746.00",,US$	0.00,£	0.00,,,"£	1,789.56",,,£	327.06,US$	0.00,£	0.00,,"£	2,643.76","US$	5,875.02",,£	(327.06),"US$	5,875.02","US$	2,643.76","£	7,177.39","US$	15,949.77"
WEEK 1,Sunday,November 30,"£	1,444.85","£	4,120.39",,,,£	(178.34),"£	(2,050.00)",£	(447.20),,,,£	173.58,"US$	10,000.00",US$	0.00,£	0.00,,"US$	2,336.82","£	1,051.57",,,,,,£	55.69,£	(64.28),,£	172.52,£	(5.94),£	178.34,"£	2,050.00",,,,"£	2,050.00","£	1,746.00",,US$	0.00,£	0.00,,,"£	1,615.98",,,£	(173.58),US$	0.00,£	0.00,,"£	3,090.96","US$	6,868.80",,£	447.20,"US$	6,868.80","US$	3,090.96","£	11,227.56","US$	24,950.13"
WEEK 2,Monday,December 1,£	850.00,,,,£	(394.85),,,,,,,£	(200.00),"US$	10,000.00",US$	0.00,£	0.00,,"US$	4,410.78","£	1,984.85",,,,"US$	2,073.96",,£	386.26,£	(64.28),£	394.85,£	166.76,£	(5.75),,£	250.00,,"£	(1,800.00)",,,"£	1,746.00",,US$	0.00,£	0.00,,,"£	1,615.98",£	(100.00),£	(100.00),£	200.00,US$	0.00,£	0.00,,"£	2,441.96","US$	5,426.58",£	(649.00),£	0.00,"US$	5,426.58","US$	2,441.96","£	9,441.81","US$	20,981.80"
WEEK 2,Tuesday,December 2,£	850.00,,,,,,,£	150.00,,,,£	(150.00),"US$	10,000.00",US$	0.00,£	0.00,,"US$	4,410.78","£	1,984.85",,,,,,£	321.98,£	(64.28),,£	161.01,£	(5.75),,£	250.00,,,,,"£	1,746.00",,US$	0.00,£	0.00,,,"£	1,765.98",,,£	150.00,US$	0.00,£	0.00,,"£	1,395.08","US$	3,100.18",£	(896.88),£	(150.00),"US$	3,100.18","US$	1,395.08","£	8,474.90","US$	18,833.10"
WEEK 2,Wednesday,December 3,£	850.00,,,,,,,,,,,,"US$	10,000.00",US$	0.00,£	0.00,,"US$	2,552.78","£	1,148.75","US$	(1,858.00)",,,,,£	257.70,£	(64.28),,£	155.26,£	(5.75),,£	250.00,,,,,"£	1,746.00",,US$	0.00,£	0.00,,,"£	1,765.98",,,,US$	0.00,£	0.00,,"£	1,040.08","US$	2,311.29",£	(355.00),£	0.00,"US$	2,311.29","US$	1,040.08","£	7,213.76","US$	16,030.58"
WEEK 2,Thursday,December 4,£	650.00,,,,£	(200.00),,,,,,,,"US$	10,000.00",US$	0.00,£	0.00,,"US$	2,552.78","£	1,148.75",,,,,,£	393.42,£	(64.28),£	200.00,£	149.50,£	(5.75),,£	250.00,,,,,"£	1,746.00",,US$	0.00,£	0.00,,,"£	1,765.98",,,,US$	0.00,£	0.00,,"£	1,040.08","US$	2,311.29",,£	0.00,"US$	2,311.29","US$	1,040.08","£	7,143.73","US$	15,874.96"
WEEK 2,Friday,December 5,£	650.00,,,,,,,,,,,,"US$	10,000.00",US$	0.00,£	0.00,,"US$	2,552.78","£	1,148.75",,,,,,£	129.14,£	(264.28),,£	143.75,£	(5.75),,£	250.00,,,,,"£	1,746.00",,US$	0.00,£	0.00,,,"£	1,765.98",,,,US$	0.00,£	0.00,,"£	1,040.08","US$	2,311.29",,£	0.00,"US$	2,311.29","US$	1,040.08","£	6,873.70","US$	15,274.88"
WEEK 2,Saturday,December 6,£	650.00,,,,,,,,,,,,"US$	10,000.00",US$	0.00,£	0.00,,"US$	2,552.78","£	1,148.75",,,,,,£	64.86,£	(64.28),,£	138.00,£	(5.75),,£	250.00,,,,,"£	1,746.00",,US$	0.00,£	0.00,,,"£	1,765.98",,,,US$	0.00,£	0.00,,"£	1,040.08","US$	2,311.29",,£	0.00,"US$	2,311.29","US$	1,040.08","£	6,803.66","US$	15,119.25"
WEEK 2,Sunday,December 7,£	650.00,,,,,,,£	(50.00),,,,£	50.00,"US$	10,000.00",US$	0.00,£	0.00,,"US$	2,552.78","£	1,148.75",,,,,,£	0.58,£	(64.28),,£	132.25,£	(5.75),,£	250.00,,,,,"£	1,746.00",,US$	0.00,£	0.00,,,"£	1,715.98",,,£	(50.00),US$	0.00,£	0.00,,"£	1,090.08","US$	2,422.40",,£	50.00,"US$	2,422.40","US$	1,090.08","£	6,733.63","US$	14,963.63"
WEEK 1,Monday,December 8,£	(0.00),,,,£	(450.00),,,,,,,£	(200.00),"US$	10,000.00",US$	0.00,£	0.00,,"US$	2,552.78","£	1,148.75",,,,,,£	386.30,£	(64.28),£	450.00,£	126.49,£	(5.75),,£	250.00,,,,,"£	1,746.00",,US$	0.00,£	0.00,,,"£	1,715.98",£	(100.00),£	(100.00),£	200.00,US$	0.00,£	0.00,,"£	1,090.08","US$	2,422.40",,£	0.00,"US$	2,422.40","US$	1,090.08","£	6,463.60","US$	14,363.55"
WEEK 1,Tuesday,December 9,£	(0.00),,,,,,,£	(30.00),,,,£	30.00,"US$	10,000.00",US$	0.00,£	0.00,,"US$	2,552.78","£	1,148.75",,,,,,£	322.02,£	(64.28),,£	120.74,£	(5.75),,£	250.00,,,,,"£	1,746.00",,US$	0.00,£	0.00,,,"£	1,685.98",,,£	(30.00),US$	0.00,£	0.00,,"£	1,120.08","US$	2,489.07",,£	30.00,"US$	2,489.07","US$	1,120.08","£	6,393.57","US$	14,207.92"
WEEK 1,Wednesday,December 10,£	(0.00),,,,,,,,,,,,"US$	10,000.00",US$	0.00,£	0.00,,"US$	2,552.78","£	1,148.75",,,,,,£	257.74,£	(64.28),,£	114.99,£	(5.75),,£	250.00,,,,,"£	1,746.00",,US$	0.00,£	0.00,,,"£	1,685.98",,,,US$	0.00,£	0.00,,"£	1,120.08","US$	2,489.07",,£	0.00,"US$	2,489.07","US$	1,120.08","£	6,323.53","US$	14,052.30"
WEEK 1,Thursday,December 11,£	(0.00),,,,,,,,,,,,"US$	10,000.00",US$	0.00,£	0.00,,"US$	2,552.78","£	1,148.75",,,,,,£	193.46,£	(64.28),,£	109.23,£	(5.75),,£	250.00,,,,,"£	1,746.00",,US$	0.00,£	0.00,,,"£	1,685.98",,,,US$	0.00,£	0.00,,"£	1,120.08","US$	2,489.07",,£	0.00,"US$	2,489.07","US$	1,120.08","£	6,253.50","US$	13,896.67"
WEEK 1,Friday,December 12,£	(0.00),,,,,,,,,,,,"US$	10,000.00",US$	0.00,£	0.00,,"US$	2,552.78","£	1,148.75",,,,,,£	129.18,£	(64.28),,£	103.48,£	(5.75),,£	250.00,,,,,"£	1,746.00",,US$	0.00,£	0.00,,,"£	1,685.98",,,,US$	0.00,£	0.00,,"£	1,120.08","US$	2,489.07",,£	0.00,"US$	2,489.07","US$	1,120.08","£	6,183.47","US$	13,741.04"
WEEK 1,Saturday,December 13,"£	1,950.00","£	3,879.18",,£	(900.00),,,,£	(66.11),,£	(963.07),,,"US$	10,000.00",US$	0.00,£	0.00,,"US$	4,552.78","£	2,048.75",,,,,"US$	2,000.00",£	64.90,£	(64.28),,£	97.73,£	(5.75),,£	250.00,,,,,"£	1,746.00",,"US$	2,140.15",£	963.07,,"US$	2,140.15","£	1,685.98",,,,US$	0.00,£	0.00,,"£	1,186.19","US$	2,635.98",,£	66.11,"US$	2,635.98","US$	1,186.19","£	9,992.61","US$	22,205.81"
WEEK 1,Sunday,December 14,"£	1,950.00",,,,,,,£	(150.00),,,,£	150.00,"US$	10,000.00",US$	0.00,£	0.00,,"US$	4,552.78","£	2,048.75",,,,,,£	0.62,£	(64.28),,£	91.97,£	(5.75),,£	250.00,,,,,"£	1,746.00",,"US$	2,140.15",£	963.07,,,"£	1,535.98",,,£	(150.00),US$	0.00,£	0.00,,"£	1,336.19","US$	2,969.31",,£	150.00,"US$	2,969.31","US$	1,336.19","£	9,922.58","US$	22,050.18"
WEEK 2,Monday,December 15,"£	1,300.00",,,,£	(450.00),,,,,,,£	(200.00),"US$	10,000.00",US$	0.00,£	0.00,,"US$	4,552.78","£	2,048.75",,,,,,£	386.34,£	(64.28),£	450.00,£	86.22,£	(5.75),,£	250.00,,,,,"£	1,746.00",,US$	0.00,£	0.00,"US$	(2,140.15)",,"£	1,535.98",£	(100.00),£	(100.00),£	200.00,US$	0.00,£	0.00,,"£	1,336.19","US$	2,969.31",,£	0.00,"US$	2,969.31","US$	1,336.19","£	8,689.48","US$	19,309.96"
WEEK 2,Tuesday,December 16,"£	1,200.00",,,,,,,£	(100.00),,,,,"US$	10,000.00",US$	0.00,£	0.00,,"US$	4,552.78","£	2,048.75",,,,,,£	322.06,£	(64.28),,£	80.47,£	(5.75),,£	0.00,,,£	(250.00),,"£	1,746.00",,US$	0.00,£	0.00,,,"£	1,535.98",,,,US$	0.00,£	0.00,,"£	1,436.19","US$	3,191.53",,£	100.00,"US$	3,191.53","US$	1,436.19","£	8,369.45","US$	18,598.77"
WEEK 2,Wednesday,December 17,"£	1,200.00",,,,,,£	(282.80),£	282.80,,,,,"US$	10,000.00",US$	0.00,£	0.00,,"US$	2,694.78","£	1,212.65","US$	(1,858.00)",,,,,£	257.78,£	(64.28),,£	74.72,£	(5.75),,£	0.00,,,£	(282.80),£	282.80,"£	1,746.00",,US$	0.00,£	0.00,,,"£	1,535.98",,,,US$	0.00,£	0.00,,"£	1,153.39","US$	2,563.09",,£	(282.80),"US$	2,563.09","US$	1,153.39","£	7,180.51","US$	15,956.70"
WEEK 2,Thursday,December 18,"£	1,200.00",,,,,,,£	(50.00),,,,£	50.00,"US$	10,000.00",US$	0.00,£	0.00,,"US$	2,694.78","£	1,212.65",,,,,,£	193.50,£	(64.28),,£	68.96,£	(5.75),,£	0.00,,,,,"£	1,746.00",,US$	0.00,£	0.00,,,"£	1,485.98",,,£	(50.00),US$	0.00,£	0.00,,"£	1,203.39","US$	2,674.20",,£	50.00,"US$	2,674.20","US$	1,203.39","£	7,110.48","US$	15,801.07"
WEEK 2,Friday,December 19,"£	1,200.00",,,,,,,,,,,,"US$	10,000.00",US$	0.00,£	0.00,,"US$	2,694.78","£	1,212.65",,,,,,£	129.22,£	(64.28),,£	63.21,£	(5.75),,£	0.00,,,,,"£	1,746.00",,US$	0.00,£	0.00,,,"£	1,485.98",,,,US$	0.00,£	0.00,,"£	1,203.39","US$	2,674.20",,£	0.00,"US$	2,674.20","US$	1,203.39","£	7,040.45","US$	15,645.44"
WEEK 2,Saturday,December 20,"£	1,200.00",,,,,,,,,,,,"US$	10,000.00",US$	0.00,£	0.00,,"US$	2,694.78","£	1,212.65",,,,,,£	64.94,£	(64.28),,£	57.46,£	(5.75),,£	0.00,,,,,"£	1,746.00",,US$	0.00,£	0.00,,,"£	1,485.98",,,,US$	0.00,£	0.00,,"£	1,203.39","US$	2,674.20",,£	0.00,"US$	2,674.20","US$	1,203.39","£	6,970.42","US$	15,489.81"
WEEK 2,Sunday,December 21,"£	1,200.00",,,,,,,,,,,,"US$	10,000.00",US$	0.00,£	0.00,,"US$	2,694.78","£	1,212.65",,,,,,£	0.66,£	(64.28),,£	51.70,£	(5.75),,£	0.00,,,,,"£	1,746.00",,US$	0.00,£	0.00,,,"£	1,485.98",,,,US$	0.00,£	0.00,,"£	1,203.39","US$	2,674.20",,£	0.00,"US$	2,674.20","US$	1,203.39","£	6,900.38","US$	15,334.19"
WEEK 1,Monday,December 22,£	600.00,,,,£	(450.00),,,,,,,£	(150.00),"US$	10,000.00",US$	0.00,£	0.00,,"US$	2,694.78","£	1,212.65",,,,,,£	386.38,£	(64.28),£	450.00,£	45.95,£	(5.75),,£	0.00,,,,,"£	1,746.00",,US$	0.00,£	0.00,,,"£	1,485.98",£	(50.00),£	(100.00),£	150.00,US$	0.00,£	0.00,,"£	1,203.39","US$	2,674.20",,£	0.00,"US$	2,674.20","US$	1,203.39","£	6,680.35","US$	14,845.22"
WEEK 1,Tuesday,December 23,£	600.00,,,,,,,£	(100.00),,,,£	100.00,"US$	10,000.00",US$	0.00,£	0.00,,"US$	2,694.78","£	1,212.65",,,,,,£	322.10,£	(64.28),,£	40.20,£	(5.75),,£	0.00,,,,,"£	1,746.00",,US$	0.00,£	0.00,,,"£	1,385.98",,,£	(100.00),US$	0.00,£	0.00,,"£	1,303.39","US$	2,896.42",,£	100.00,"US$	2,896.42","US$	1,303.39","£	6,610.32","US$	14,689.59"
WEEK 1,Wednesday,December 24,£	600.00,,,,,,,,,,,,"US$	10,000.00",US$	0.00,£	0.00,,"US$	2,694.78","£	1,212.65",,,,,,£	257.82,£	(64.28),,£	34.45,£	(5.75),,£	0.00,,,,,"£	1,746.00",,US$	0.00,£	0.00,,,"£	1,385.98",,,,US$	0.00,£	0.00,,"£	1,303.39","US$	2,896.42",,£	0.00,"US$	2,896.42","US$	1,303.39","£	6,540.28","US$	14,533.97"
WEEK 1,Thursday,December 25,£	600.00,,,,,,,,,,,,"US$	10,000.00",US$	0.00,£	0.00,,"US$	2,694.78","£	1,212.65",,,,,,£	193.54,£	(64.28),,£	28.69,£	(5.75),,£	0.00,,,,,"£	1,746.00",,US$	0.00,£	0.00,,,"£	1,385.98",,,,US$	0.00,£	0.00,,"£	1,303.39","US$	2,896.42",,£	0.00,"US$	2,896.42","US$	1,303.39","£	6,470.25","US$	14,378.34"
WEEK 1,Friday,December 26,£	600.00,,,,,,,,,,,,"US$	10,000.00",US$	0.00,£	0.00,,"US$	2,694.78","£	1,212.65",,,,,,£	129.26,£	(64.28),,£	22.94,£	(5.75),,£	0.00,,,,,"£	1,746.00",,US$	0.00,£	0.00,,,"£	1,385.98",,,,US$	0.00,£	0.00,,"£	1,303.39","US$	2,896.42",,£	0.00,"US$	2,896.42","US$	1,303.39","£	6,400.22","US$	14,222.71"
WEEK 1,Saturday,December 27,£	600.00,,,,,,,,,,,,"US$	10,000.00",US$	0.00,£	0.00,,"US$	2,694.78","£	1,212.65",,,,,,£	64.98,£	(64.28),,£	17.19,£	(5.75),,£	0.00,,,,,"£	1,746.00",,US$	0.00,£	0.00,,,"£	1,385.98",,,,US$	0.00,£	0.00,,"£	1,303.39","US$	2,896.42",,£	0.00,"US$	2,896.42","US$	1,303.39","£	6,330.19","US$	14,067.08"
WEEK 1,Sunday,December 28,£	600.00,,,,,,,,,,,,"US$	10,000.00",US$	0.00,£	0.00,,"US$	2,694.78","£	1,212.65",,,,,,£	0.70,£	(64.28),,£	11.43,£	(5.75),,£	0.00,,,,,"£	1,746.00",,US$	0.00,£	0.00,,,"£	1,385.98",,,,US$	0.00,£	0.00,,"£	1,303.39","US$	2,896.42",,£	0.00,"US$	2,896.42","US$	1,303.39","£	6,260.15","US$	13,911.45"
WEEK 2,Monday,December 29,£	(0.00),,,,£	(450.00),,,,,,,£	(150.00),"US$	10,000.00",US$	0.00,£	0.00,,"US$	2,694.78","£	1,212.65",,,,,,£	386.42,£	(64.28),£	450.00,£	5.68,£	(5.75),,£	0.00,,,,,"£	1,746.00",,US$	0.00,£	0.00,,,"£	1,385.98",£	(50.00),£	(100.00),£	150.00,US$	0.00,£	0.00,,"£	1,303.39","US$	2,896.42",,£	0.00,"US$	2,896.42","US$	1,303.39","£	6,040.12","US$	13,422.49"
WEEK 2,Tuesday,December 30,£	(0.00),,,,,,,£	(100.00),,,,£	100.00,"US$	10,000.00",US$	0.00,£	0.00,,"US$	2,694.78","£	1,212.65",,,,,,£	322.14,£	(64.28),,£	(0.07),£	(5.75),,£	0.00,,,,,"£	1,746.00",,US$	0.00,£	0.00,,,"£	1,285.98",,,£	(100.00),US$	0.00,£	0.00,,"£	1,403.39","US$	3,118.64",,£	100.00,"US$	3,118.64","US$	1,403.39","£	5,970.09","US$	13,266.86"
WEEK 2,Wednesday,December 31,"£	1,174.76","£	4,204.19",,£	(951.08),,£	(178.34),"£	(1,900.00)",,,,,,"US$	10,000.00",US$	0.00,£	0.00,,"US$	2,950.30","£	1,327.64","US$	(1,858.00)",,,,"US$	2,113.52",£	257.86,£	(64.28),,£	172.52,£	(5.75),£	178.34,"£	1,900.00",,,,"£	1,900.00","£	1,746.00",,US$	0.00,£	0.00,,,"£	1,285.98",,,,US$	0.00,£	0.00,,"£	1,178.99","US$	2,619.98",£	(224.40),£	0.00,"US$	2,619.98","US$	1,178.99","£	9,043.74","US$	20,097.21"
WEEK 2,Thursday,January 1,"£	1,300.00",,,,£	(200.00),,,£	325.24,,,,,"US$	10,000.00",US$	0.00,£	0.00,,"US$	6,123.00","£	2,755.35",,,,"US$	3,172.70",,£	393.58,£	(64.28),£	200.00,£	166.76,£	(5.75),,£	0.00,,"£	(1,800.00)",£	(100.00),,"£	1,746.00",,US$	0.00,£	0.00,,,"£	1,285.98",,,,US$	0.00,£	0.00,,£	853.75,"US$	1,897.22",,£	(325.24),"US$	1,897.22",US$	853.75,"£	8,501.43","US$	18,892.06"
WEEK 2,Friday,January 2,"£	1,300.00",,,,,,,,,,,,"US$	10,000.00",US$	0.00,£	0.00,,"US$	6,123.00","£	2,755.35",,,,,,£	129.30,£	(264.28),,£	161.01,£	(5.75),,£	0.00,,,,,"£	1,746.00",,US$	0.00,£	0.00,,,"£	1,285.98",,,,US$	0.00,£	0.00,,£	853.75,"US$	1,897.22",,£	0.00,"US$	1,897.22",US$	853.75,"£	8,231.39","US$	18,291.99"
WEEK 2,Saturday,January 3,"£	1,300.00",,,,,,,,,,,,"US$	10,000.00",US$	0.00,£	0.00,,"US$	6,123.00","£	2,755.35",,,,,,£	65.02,£	(64.28),,£	155.26,£	(5.75),,£	0.00,,,,,"£	1,746.00",,US$	0.00,£	0.00,,,"£	1,285.98",,,,US$	0.00,£	0.00,,£	853.75,"US$	1,897.22",,£	0.00,"US$	1,897.22",US$	853.75,"£	8,161.36","US$	18,136.36"
WEEK 2,Sunday,January 4,"£	1,300.00",,,,,,,,,,,,"US$	10,000.00",US$	0.00,£	0.00,,"US$	6,123.00","£	2,755.35",,,,,,£	0.74,£	(64.28),,£	149.50,£	(5.75),,£	0.00,,,,,"£	1,746.00",,US$	0.00,£	0.00,,,"£	1,285.98",,,,US$	0.00,£	0.00,,£	853.75,"US$	1,897.22",,£	0.00,"US$	1,897.22",US$	853.75,"£	8,091.33","US$	17,980.73"
WEEK 1,Monday,January 5,£	650.00,,,,£	(450.00),,,,,,,£	(200.00),"US$	10,000.00",US$	0.00,£	0.00,,"US$	6,123.00","£	2,755.35",,,,,,£	386.46,£	(64.28),£	450.00,£	143.75,£	(5.75),,£	0.00,,,,,"£	1,746.00",,US$	0.00,£	0.00,,,"£	1,285.98",£	(100.00),£	(100.00),£	200.00,US$	0.00,£	0.00,,£	853.75,"US$	1,897.22",,£	0.00,"US$	1,897.22",US$	853.75,"£	7,821.29","US$	17,380.66"
WEEK 1,Tuesday,January 6,£	650.00,,,,,,,£	(100.00),,,,£	100.00,"US$	10,000.00",US$	0.00,£	0.00,,"US$	6,123.00","£	2,755.35",,,,,,£	322.18,£	(64.28),,£	138.00,£	(5.75),,£	0.00,,,,,"£	1,746.00",,US$	0.00,£	0.00,,,"£	1,185.98",,,£	(100.00),US$	0.00,£	0.00,,£	953.75,"US$	2,119.44",,£	100.00,"US$	2,119.44",US$	953.75,"£	7,751.26","US$	17,225.03"
WEEK 1,Wednesday,January 7,£	650.00,,,,,,,£	(100.00),,,,£	100.00,"US$	10,000.00",US$	0.00,£	0.00,,"US$	6,123.00","£	2,755.35",,,,,,£	257.90,£	(64.28),,£	132.25,£	(5.75),,£	0.00,,,,,"£	1,746.00",,US$	0.00,£	0.00,,,"£	1,085.98",,,£	(100.00),US$	0.00,£	0.00,,"£	1,053.75","US$	2,341.67",,£	100.00,"US$	2,341.67","US$	1,053.75","£	7,681.23","US$	17,069.40"
WEEK 1,Thursday,January 8,£	650.00,,,,,,,,,,,,"US$	10,000.00",US$	0.00,£	0.00,,"US$	6,123.00","£	2,755.35",,,,,,£	193.62,£	(64.28),,£	126.49,£	(5.75),,£	0.00,,,,,"£	1,746.00",,US$	0.00,£	0.00,,,"£	1,085.98",,,,US$	0.00,£	0.00,,"£	1,053.75","US$	2,341.67",,£	0.00,"US$	2,341.67","US$	1,053.75","£	7,611.20","US$	16,913.77"
WEEK 1,Friday,January 9,£	650.00,,,,,,,,,,,,"US$	10,000.00",US$	0.00,£	0.00,,"US$	6,123.00","£	2,755.35",,,,,,£	129.34,£	(64.28),,£	120.74,£	(5.75),,£	0.00,,,,,"£	1,746.00",,US$	0.00,£	0.00,,,"£	1,085.98",,,,US$	0.00,£	0.00,,"£	1,053.75","US$	2,341.67",,£	0.00,"US$	2,341.67","US$	1,053.75","£	7,541.16","US$	16,758.14"
WEEK 1,Saturday,January 10,£	650.00,,,,,,,,,,,,"US$	10,000.00",US$	0.00,£	0.00,,"US$	6,123.00","£	2,755.35",,,,,,£	65.06,£	(64.28),,£	114.99,£	(5.75),,£	0.00,,,,,"£	1,746.00",,US$	0.00,£	0.00,,,"£	1,085.98",,,,US$	0.00,£	0.00,,"£	1,053.75","US$	2,341.67",,£	0.00,"US$	2,341.67","US$	1,053.75","£	7,471.13","US$	16,602.51"
WEEK 1,Sunday,January 11,£	650.00,,,,,,,£	25.00,,,,£	(25.00),"US$	10,000.00",US$	0.00,£	0.00,,"US$	6,123.00","£	2,755.35",,,,,,£	0.78,£	(64.28),,£	109.23,£	(5.75),,£	100.00,,,£	100.00,,"£	1,746.00",,US$	0.00,£	0.00,,,"£	1,110.98",,,£	25.00,US$	0.00,£	0.00,,"£	1,028.75","US$	2,286.11",,£	(25.00),"US$	2,286.11","US$	1,028.75","£	7,501.10","US$	16,669.11"
WEEK 2,Monday,January 12,£	0.00,,,,£	(450.00),,,,,,,£	(200.00),"US$	10,000.00",US$	0.00,£	0.00,,"US$	6,123.00","£	2,755.35",,,,,,£	386.50,£	(64.28),£	450.00,£	103.48,£	(5.75),,£	100.00,,,,,"£	1,746.00",,US$	0.00,£	0.00,,,"£	1,110.98",£	(100.00),£	(100.00),£	200.00,US$	0.00,£	0.00,,"£	1,028.75","US$	2,286.11",,£	0.00,"US$	2,286.11","US$	1,028.75","£	7,231.06","US$	16,069.03"
WEEK 2,Tuesday,January 13,£	0.00,,,,,,,,,,,,"US$	10,000.00",US$	0.00,£	0.00,,"US$	6,123.00","£	2,755.35",,,,,,£	322.22,£	(64.28),,£	97.73,£	(5.75),,£	100.00,,,,,"£	1,746.00",,US$	0.00,£	0.00,,,"£	1,110.98",,,,US$	0.00,£	0.00,,"£	1,028.75","US$	2,286.11",,£	0.00,"US$	2,286.11","US$	1,028.75","£	7,161.03","US$	15,913.40"
WEEK 2,Wednesday,January 14,£	0.00,,,,,,,,,,,,"US$	10,000.00",US$	0.00,£	0.00,,"US$	4,265.00","£	1,919.25","US$	(1,858.00)",,,,,£	257.94,£	(64.28),,£	91.97,£	(5.75),,£	100.00,,,,,"£	1,746.00",,US$	0.00,£	0.00,,,"£	1,110.98",,,,US$	0.00,£	0.00,,"£	1,028.75","US$	2,286.11",,£	0.00,"US$	2,286.11","US$	1,028.75","£	6,254.90","US$	13,899.77"
WEEK 2,Thursday,January 15,£	0.00,"£	3,879.18",,,£	(900.00),£	(259.00),,"£	(2,920.18)",,,,£	200.00,"US$	10,000.00",US$	0.00,£	0.00,,"US$	4,265.00","£	1,919.25",,,,,,£	638.02,£	(519.92),£	900.00,£	345.22,£	(5.75),£	259.00,£	100.00,,,,,"£	1,746.00",,US$	0.00,£	0.00,,,£	910.98,,,£	(200.00),US$	0.00,£	0.00,,"£	3,948.93","US$	8,775.40",,"£	2,920.18","US$	8,775.40","US$	3,948.93","£	9,608.41","US$	21,352.01"
WEEK 2,Friday,January 16,£	0.00,,,,,,,,,,,,"US$	10,000.00",US$	0.00,£	0.00,,"US$	4,265.00","£	1,919.25",,,,,,£	600.49,£	(37.53),,£	339.47,£	(5.75),,£	100.00,,,,,"£	1,746.00",,US$	0.00,£	0.00,,,£	910.98,,,,US$	0.00,£	0.00,,"£	3,948.93","US$	8,775.40",,£	0.00,"US$	8,775.40","US$	3,948.93","£	9,565.12","US$	21,255.83"
WEEK 2,Saturday,January 17,£	0.00,,,,,,,,,,,,"US$	10,000.00",US$	0.00,£	0.00,,"US$	4,265.00","£	1,919.25",,,,,,£	562.96,£	(37.53),,£	333.72,£	(5.75),,£	100.00,,,,,"£	1,746.00",,US$	0.00,£	0.00,,,£	910.98,,,,US$	0.00,£	0.00,,"£	3,678.93","US$	8,175.40",£	(270.00),£	0.00,"US$	8,175.40","US$	3,678.93","£	9,251.84","US$	20,559.64"
WEEK 2,Sunday,January 18,£	0.00,,,,,,,,,,,,"US$	10,000.00",US$	0.00,£	0.00,,"US$	4,265.00","£	1,919.25",,,,,,£	525.43,£	(37.53),,£	327.96,£	(5.75),,£	100.00,,,,,"£	1,746.00",,US$	0.00,£	0.00,,,£	910.98,,,,US$	0.00,£	0.00,,"£	3,903.33","US$	8,674.07",£	224.40,£	0.00,"US$	8,674.07","US$	3,903.33","£	9,432.96","US$	20,962.13"
WEEK 1,Monday,January 19,£	0.00,,,,,,,,,,,,"US$	10,000.00",US$	0.00,£	0.00,,"US$	4,265.00","£	1,919.25",,,,,,£	487.90,£	(37.53),,£	322.21,£	(5.75),,£	100.00,,,,,"£	1,746.00",,US$	0.00,£	0.00,,,£	910.98,,,,US$	0.00,£	0.00,,"£	3,903.33","US$	8,674.07",,£	0.00,"US$	8,674.07","US$	3,903.33","£	9,389.67","US$	20,865.94"
WEEK 1,Tuesday,January 20,£	0.00,,,,,,,,,,,,"US$	10,000.00",US$	0.00,£	0.00,,"US$	4,265.00","£	1,919.25",,,,,,£	450.37,£	(37.53),,£	316.46,£	(5.75),,£	100.00,,,,,"£	1,746.00",,US$	0.00,£	0.00,,,£	910.98,,,,US$	0.00,£	0.00,,"£	3,903.33","US$	8,674.07",,£	0.00,"US$	8,674.07","US$	3,903.33","£	9,346.39","US$	20,769.76"
WEEK 1,Wednesday,January 21,£	0.00,,,,,,,£	402.32,,,,£	(402.32),"US$	10,000.00",US$	0.00,£	0.00,,"US$	4,265.00","£	1,919.25",,,,,,£	412.84,£	(37.53),,£	310.70,£	(5.75),,£	100.00,,,,,"£	1,746.00",,US$	0.00,£	0.00,,,"£	1,313.30",,,£	402.32,US$	0.00,£	0.00,,"£	3,501.01","US$	7,780.02",,£	(402.32),"US$	7,780.02","US$	3,501.01","£	9,303.11","US$	20,673.57"
WEEK 1,Thursday,January 22,£	0.00,,,,,,,,,,,,"US$	10,000.00",US$	0.00,£	0.00,,"US$	4,265.00","£	1,919.25",,,,,,£	375.31,£	(37.53),,£	304.95,£	(5.75),,£	100.00,,,,,"£	1,746.00",,US$	0.00,£	0.00,,,"£	1,313.30",,,,US$	0.00,£	0.00,,"£	3,501.01","US$	7,780.02",,£	0.00,"US$	7,780.02","US$	3,501.01","£	9,259.83","US$	20,577.39"
WEEK 1,Friday,January 23,£	0.00,,,,,,,,,,,,"US$	10,000.00",US$	0.00,£	0.00,,"US$	4,265.00","£	1,919.25",,,,,,£	337.78,£	(37.53),,£	299.20,£	(5.75),,£	100.00,,,,,"£	1,746.00",,US$	0.00,£	0.00,,,"£	1,313.30",,,,US$	0.00,£	0.00,,"£	3,501.01","US$	7,780.02",,£	0.00,"US$	7,780.02","US$	3,501.01","£	9,216.54","US$	20,481.21"
WEEK 1,Saturday,January 24,£	0.00,,,,,,,,,,,,"US$	10,000.00",US$	0.00,£	0.00,,"US$	4,265.00","£	1,919.25",,,,,,£	300.25,£	(37.53),,£	293.45,£	(5.75),,£	100.00,,,,,"£	1,746.00",,US$	0.00,£	0.00,,,"£	1,313.30",,,,US$	0.00,£	0.00,,"£	3,501.01","US$	7,780.02",,£	0.00,"US$	7,780.02","US$	3,501.01","£	9,173.26","US$	20,385.02"
WEEK 1,Sunday,January 25,£	0.00,,,,,,,,,,,,"US$	10,000.00",US$	0.00,£	0.00,,"US$	4,265.00","£	1,919.25",,,,,,£	262.72,£	(37.53),,£	287.69,£	(5.75),,£	100.00,,,,,"£	1,746.00",,US$	0.00,£	0.00,,,"£	1,313.30",,,,US$	0.00,£	0.00,,"£	3,501.01","US$	7,780.02",,£	0.00,"US$	7,780.02","US$	3,501.01","£	9,129.98","US$	20,288.84"
WEEK 2,Monday,January 26,£	0.00,,,,,,,£	266.74,,,,£	(266.74),"US$	10,000.00",US$	0.00,£	0.00,,"US$	4,265.00","£	1,919.25",,,,,,£	225.19,£	(37.53),,£	281.94,£	(5.75),,£	100.00,,,,,"£	1,746.00",,US$	0.00,£	0.00,,,"£	1,580.04",,,£	266.74,US$	0.00,£	0.00,,"£	3,156.86","US$	7,015.24",£	(77.41),£	(266.74),"US$	7,015.24","£	3,156.86","£	9,009.28","US$	20,020.63"
WEEK 2,Tuesday,January 27,£	0.00,,,,,,,,,,,,"US$	10,000.00",US$	0.00,£	0.00,,"US$	4,265.00","£	1,919.25",,,,,,£	187.66,£	(37.53),,£	276.19,£	(5.75),,£	100.00,,,,,"£	1,746.00",,US$	0.00,£	0.00,,,"£	1,580.04",,,,US$	0.00,£	0.00,,"£	3,156.86","US$	7,015.24",,£	0.00,"US$	7,015.24","£	3,156.86","£	8,966.00","US$	19,924.45"
WEEK 2,Wednesday,January 28,£	0.00,,,,,,,,,,,,"US$	10,000.00",US$	0.00,£	0.00,,"US$	2,407.00","£	1,083.15","US$	(1,858.00)",,,,,£	150.13,£	(37.53),,£	270.43,£	(5.75),,£	100.00,,,,,"£	1,746.00",,US$	0.00,£	0.00,,,"£	1,580.04",,,,US$	0.00,£	0.00,,"£	3,156.86","US$	7,015.24",,£	0.00,"US$	7,015.24","£	3,156.86","£	8,086.62","US$	17,970.26"
WEEK 2,Thursday,January 29,£	0.00,,,,,,,,,,,,"US$	10,000.00",US$	0.00,£	0.00,,"US$	2,407.00","£	1,083.15",,,,,,£	112.60,£	(37.53),,£	5.68,£	(264.75),,£	100.00,,,,,"£	1,746.00",,US$	0.00,£	0.00,,,"£	1,580.04",,,,US$	0.00,£	0.00,,"£	3,156.86","US$	7,015.24",,£	0.00,"US$	7,015.24","£	3,156.86","£	7,784.34","US$	17,298.53"
WEEK 2,Friday,January 30,£	0.00,,,,,,,,,,,,"US$	10,000.00",US$	0.00,£	0.00,,"US$	2,407.00","£	1,083.15",,,,,,£	75.07,£	(37.53),,£	(0.07),£	(5.75),,£	0.00,,,£	(100.00),,"£	1,746.00",,US$	0.00,£	0.00,,,"£	1,580.04",,,,US$	0.00,£	0.00,,"£	3,156.86","US$	7,015.24",,£	0.00,"US$	7,015.24","£	3,156.86","£	7,641.06","US$	16,980.12"
WEEK 2,Saturday,January 31,"£	1,100.00","£	4,120.39",,£	(837.77),,£	(178.34),"£	(1,900.00)",£	(104.28),,,,,"US$	10,000.00",US$	0.00,£	0.00,,"US$	4,268.71","£	1,920.92",,,,,"US$	1,861.71",£	37.54,£	(37.53),,£	172.52,£	(5.75),£	178.34,"£	1,900.00",,,,"£	1,900.00","£	1,746.00",,US$	0.00,£	0.00,,,"£	1,380.04",£	(200.00),,,US$	0.00,£	0.00,,"£	2,759.64","US$	6,132.53",£	(501.50),£	104.28,"US$	6,132.53","£	2,759.64","£	11,016.66","US$	24,481.47"
WEEK 2,Sunday,February 1,"£	1,100.00",,,,,,,,,,,,"US$	10,000.00",US$	0.00,£	0.00,,"US$	4,268.71","£	1,920.92",,,,,,£	0.01,£	(37.53),,£	166.15,£	(6.37),,£	100.00,,"£	(1,800.00)",,,"£	1,746.00",,US$	0.00,£	0.00,,,"£	1,380.04",,,,US$	0.00,£	0.00,,"£	2,554.84","US$	5,677.42",£	(204.80),£	0.00,"US$	5,677.42","£	2,554.84","£	8,967.96","US$	19,928.81"
WEEK 1,Monday,February 2,£	550.01,,,£	(98.70),£	(450.00),,,£	98.70,,,,£	(100.00),"US$	10,000.00",US$	0.00,£	0.00,,"US$	6,795.03","£	3,057.76",,,,"US$	2,306.99",US$	219.33,£	385.73,£	(64.28),£	450.00,£	159.78,£	(6.37),,£	100.00,,,,,"£	1,746.00",,US$	0.00,£	0.00,,,"£	1,380.04",,£	(100.00),£	100.00,US$	0.00,£	0.00,,"£	2,456.14","US$	5,458.09",,£	(98.70),"US$	5,458.09","£	2,456.14","£	9,835.46","US$	21,856.58"
WEEK 1,Tuesday,February 3,£	550.01,,,,,,,,,,,,"US$	10,000.00",US$	0.00,£	0.00,,"US$	6,123.00","£	2,755.35",,US$	(672.03),,,,£	321.45,£	(64.28),,£	153.41,£	(6.37),,£	100.00,,,,,"£	1,746.00",,US$	0.00,£	0.00,,,"£	1,380.04",,,,US$	0.00,£	0.00,,"£	2,456.14","US$	5,458.09",,£	0.00,"US$	5,458.09","£	2,456.14","£	9,462.40","US$	21,027.55"
WEEK 1,Wednesday,February 4,£	550.01,,,,,,,,,,,,"US$	10,000.00",US$	0.00,£	0.00,,"US$	6,123.00","£	2,755.35",,,,,,£	257.17,£	(64.28),,£	147.04,£	(6.37),,£	100.00,,,,,"£	1,746.00",,US$	0.00,£	0.00,,,"£	1,380.04",,,,US$	0.00,£	0.00,,"£	2,456.14","US$	5,458.09",,£	0.00,"US$	5,458.09","£	2,456.14","£	9,391.75","US$	20,870.55"
WEEK 1,Thursday,February 5,£	550.01,,,,,,,,,,,,"US$	10,000.00",US$	0.00,£	0.00,,"US$	6,123.00","£	2,755.35",,,,,,£	192.89,£	(64.28),,£	140.67,£	(6.37),,£	100.00,,,,,"£	1,746.00",,US$	0.00,£	0.00,,,"£	1,380.04",,,,US$	0.00,£	0.00,,"£	2,456.14","US$	5,458.09",,£	0.00,"US$	5,458.09","£	2,456.14","£	9,321.10","US$	20,713.55"
WEEK 1,Friday,February 6,£	550.01,,,,,,,,,,,,"US$	10,000.00",US$	0.00,£	0.00,,"US$	6,123.00","£	2,755.35",,,,,,£	128.61,£	(64.28),,£	134.30,£	(6.37),,£	100.00,,,,,"£	1,746.00",,US$	0.00,£	0.00,,,"£	1,380.04",,,,US$	0.00,£	0.00,,"£	2,456.14","US$	5,458.09",,£	0.00,"US$	5,458.09","£	2,456.14","£	9,250.45","US$	20,556.55"
WEEK 1,Saturday,February 7,£	550.01,,,,,,,,,,,,"US$	10,000.00",US$	0.00,£	0.00,,"US$	6,123.00","£	2,755.35",,,,,,£	64.33,£	(64.28),,£	127.93,£	(6.37),,£	100.00,,,,,"£	1,746.00",,US$	0.00,£	0.00,,,"£	1,380.04",,,,US$	0.00,£	0.00,,"£	2,456.14","US$	5,458.09",,£	0.00,"US$	5,458.09","£	2,456.14","£	9,179.80","US$	20,399.55"
WEEK 1,Sunday,February 8,£	550.01,,,,,,,,,,,,"US$	10,000.00",US$	0.00,£	0.00,,"US$	6,123.00","£	2,755.35",,,,,,£	0.05,£	(64.28),,£	121.56,£	(6.37),,£	100.00,,,,,"£	1,746.00",,US$	0.00,£	0.00,,,"£	1,380.04",,,,US$	0.00,£	0.00,,"£	2,456.14","US$	5,458.09",,£	0.00,"US$	5,458.09","£	2,456.14","£	9,109.15","US$	20,242.56"
WEEK 2,Monday,February 9,£	0.01,,,,£	(450.00),,,,,,,£	(100.00),"US$	10,000.00",US$	0.00,£	0.00,,"US$	3,716.00","£	1,672.20",,,"US$	(2,407.00)",,,£	385.77,£	(64.28),£	450.00,£	115.19,£	(6.37),,£	100.00,,,,,"£	1,746.00",,US$	0.00,£	0.00,,,"£	1,380.04",,£	(100.00),£	100.00,US$	0.00,£	0.00,,"£	2,456.14","US$	5,458.09",,£	0.00,"US$	5,458.09","£	2,456.14","£	7,855.35","US$	17,456.33"
WEEK 2,Tuesday,February 10,£	0.01,,,,,,,,,,,,"US$	10,000.00",US$	0.00,£	0.00,,"US$	3,716.00","£	1,672.20",,,,,,£	321.49,£	(64.28),,£	108.83,£	(6.37),,£	100.00,,,,,"£	1,746.00",,US$	0.00,£	0.00,,,"£	1,380.04",,,,US$	0.00,£	0.00,,"£	2,456.14","US$	5,458.09",,£	0.00,"US$	5,458.09","£	2,456.14","£	7,784.70","US$	17,299.34"
WEEK 2,Wednesday,February 11,£	0.01,,,,,,,,,,,,"US$	10,000.00",US$	0.00,£	0.00,,"US$	1,858.00",£	836.10,"US$	(1,858.00)",,,,,£	257.21,£	(64.28),,£	102.46,£	(6.37),,£	100.00,,,,,"£	1,746.00",,US$	0.00,£	0.00,,,"£	1,380.04",,,,US$	0.00,£	0.00,,"£	2,456.14","US$	5,458.09",,£	0.00,"US$	5,458.09","£	2,456.14","£	6,877.95","US$	15,284.34"
WEEK 2,Thursday,February 12,£	0.01,,,,,,,,,,,,"US$	10,000.00",US$	0.00,£	0.00,,"US$	1,858.00",£	836.10,,,,,,£	192.93,£	(64.28),,£	96.09,£	(6.37),,£	100.00,,,,,"£	1,746.00",,US$	0.00,£	0.00,,,"£	1,380.04",,,,US$	0.00,£	0.00,,"£	2,456.14","US$	5,458.09",,£	0.00,"US$	5,458.09","£	2,456.14","£	6,807.30","US$	15,127.34"
WEEK 2,Friday,February 13,£	0.01,,,,,,,,,,,,"US$	10,000.00",US$	0.00,£	0.00,,"US$	1,858.00",£	836.10,,,,,,£	128.65,£	(64.28),,£	89.72,£	(6.37),,£	100.00,,,,,"£	1,746.00",,US$	0.00,£	0.00,,,"£	1,380.04",,,,US$	0.00,£	0.00,,"£	2,456.14","US$	5,458.09",,£	0.00,"US$	5,458.09","£	2,456.14","£	6,736.65","US$	14,970.34"
WEEK 2,Saturday,February 14,£	0.01,,,,,,,,,,,,"US$	10,000.00",US$	0.00,£	0.00,,"US$	1,858.00",£	836.10,,,,,,£	64.37,£	(64.28),,£	83.35,£	(6.37),,£	100.00,,,,,"£	1,746.00",,US$	0.00,£	0.00,,,"£	1,380.04",,,,US$	0.00,£	0.00,,"£	2,456.14","US$	5,458.09",,£	0.00,"US$	5,458.09","£	2,456.14","£	6,666.00","US$	14,813.34"
WEEK 2,Sunday,February 15,"£	1,500.01","£	3,879.18",,,,,,"£	(2,529.18)",,,,£	150.00,"US$	10,000.00",US$	0.00,£	0.00,,"US$	1,858.00",£	836.10,,,,,,£	0.09,£	(64.28),,£	76.98,£	(6.37),,£	100.00,,,,,"£	1,746.00",,US$	0.00,£	0.00,,,"£	1,230.04",,,£	(150.00),US$	0.00,£	0.00,,"£	4,985.32","US$	11,078.49",,"£	2,529.18","US$	11,078.49","£	4,985.32","£	10,474.53","US$	23,276.74"
WEEK 1,Monday,February 16,£	650.01,,,,£	(450.00),,,,,,,£	(400.00),"US$	10,000.00",US$	0.00,£	0.00,,"US$	1,858.00",£	836.10,,,,,,£	385.81,£	(64.28),£	450.00,£	70.61,£	(6.37),,£	100.00,,,,,"£	1,746.00",,US$	0.00,£	0.00,,,"£	1,230.04",£	(200.00),£	(200.00),£	400.00,US$	0.00,£	0.00,,"£	4,985.32","US$	11,078.49",,£	0.00,"US$	11,078.49","£	4,985.32","£	10,003.89","US$	22,230.86"
WEEK 1,Tuesday,February 17,£	650.01,,,,,,,,,,,,"US$	10,000.00",US$	0.00,£	0.00,,"US$	1,858.00",£	836.10,,,,,,£	321.53,£	(64.28),,£	64.24,£	(6.37),,£	100.00,,,,,"£	1,746.00",,US$	0.00,£	0.00,,,"£	1,230.04",,,,US$	0.00,£	0.00,,"£	4,985.32","US$	11,078.49",,£	0.00,"US$	11,078.49","£	4,985.32","£	9,933.24","US$	22,073.86"
WEEK 1,Wednesday,February 18,£	650.01,,,,,,,,,,,,"US$	10,000.00",US$	0.00,£	0.00,,"US$	1,858.00",£	836.10,,,,,,£	257.25,£	(64.28),,£	57.87,£	(6.37),,£	100.00,,,,,"£	1,746.00",,US$	0.00,£	0.00,,,"£	1,230.04",,,,US$	0.00,£	0.00,,"£	4,859.24","US$	10,798.31",£	(126.08),£	0.00,"US$	10,798.31","£	4,859.24","£	9,736.51","US$	21,636.68"
WEEK 1,Thursday,February 19,£	650.01,,,,,,,,,,,,"US$	10,000.00",US$	0.00,£	0.00,,"US$	1,858.00",£	836.10,,,,,,£	192.97,£	(64.28),,£	51.50,£	(6.37),,£	100.00,,,,,"£	1,746.00",,US$	0.00,£	0.00,,,"£	1,230.04",,,,US$	0.00,£	0.00,,"£	4,569.24","US$	10,153.87",£	(290.00),£	0.00,"US$	10,153.87","£	4,569.24","£	9,375.86","US$	20,835.24"
WEEK 1,Friday,February 20,£	650.01,,,,,,,,,,,,"US$	10,000.00",US$	0.00,£	0.00,,"US$	1,858.00",£	836.10,,,,,,£	128.69,£	(64.28),,£	45.13,£	(6.37),,£	100.00,,,,,"£	1,746.00",,US$	0.00,£	0.00,,,"£	1,230.04",,,,US$	0.00,£	0.00,,"£	4,569.24","US$	10,153.87",,£	0.00,"US$	10,153.87","£	4,569.24","£	9,305.21","US$	20,678.24"
WEEK 1,Saturday,February 21,£	650.01,,,,,,,,,,,,"US$	10,000.00",US$	0.00,£	0.00,,"US$	1,858.00",£	836.10,,,,,,£	64.41,£	(64.28),,£	38.76,£	(6.37),,£	100.00,,,,,"£	1,746.00",,US$	0.00,£	0.00,,,"£	1,230.04",,,,US$	0.00,£	0.00,,"£	4,569.24","US$	10,153.87",,£	0.00,"US$	10,153.87","£	4,569.24","£	9,234.56","US$	20,521.24"
WEEK 1,Sunday,February 22,£	650.01,,,,,,,,,,,,"US$	10,000.00",US$	0.00,£	0.00,,"US$	1,858.00",£	836.10,,,,,,£	0.13,£	(64.28),,£	32.39,£	(6.37),,£	100.00,,,,,"£	1,746.00",,US$	0.00,£	0.00,,,"£	1,230.04",,,,US$	0.00,£	0.00,,"£	4,569.24","US$	10,153.87",,£	0.00,"US$	10,153.87","£	4,569.24","£	9,163.91","US$	20,364.24"
WEEK 2,Monday,February 23,£	200.01,,,,£	(450.00),,,,,,,,"US$	10,000.00",US$	0.00,£	0.00,,"US$	1,858.00",£	836.10,,,,,,£	385.85,£	(64.28),£	450.00,£	26.02,£	(6.37),,£	100.00,,,,,"£	1,746.00",,US$	0.00,£	0.00,,,"£	1,230.04",,,,US$	0.00,£	0.00,,"£	4,569.24","US$	10,153.87",,£	0.00,"US$	10,153.87","£	4,569.24","£	9,093.26","US$	20,207.25"
WEEK 2,Tuesday,February 24,£	0.01,,,,£	(200.00),,,£	43.14,,,,£	(43.14),"US$	10,000.00",US$	0.00,£	0.00,,"US$	1,858.00",£	836.10,,,,,,£	521.57,£	(64.28),£	200.00,£	19.66,£	(6.37),,£	100.00,,,,,"£	1,746.00",,US$	0.00,£	0.00,,,"£	1,273.18",,,£	43.14,US$	0.00,£	0.00,,"£	4,526.10","US$	10,058.00",,£	(43.14),"US$	10,058.00","£	4,526.10","£	9,022.61","US$	20,050.25"
WEEK 2,Wednesday,February 25,£	0.01,,,,,,,£	25.00,,,,£	(25.00),"US$	10,000.00",US$	0.00,£	0.00,,US$	0.00,£	0.00,"US$	(1,858.00)",,,,,£	257.29,£	(264.28),,£	13.29,£	(6.37),,£	100.00,,,,,"£	1,746.00",,US$	0.00,£	0.00,,,"£	1,298.18",,,£	25.00,US$	0.00,£	0.00,,"£	4,501.10","US$	10,002.44",,£	(25.00),"US$	10,002.44","£	4,501.10","£	7,915.86","US$	17,590.80"
WEEK 2,Thursday,February 26,£	0.01,,,,,,,,,,,,"US$	10,000.00",US$	0.00,£	0.00,,US$	0.00,£	0.00,,,,,,£	193.01,£	(64.28),,£	6.92,£	(6.37),,£	100.00,,,,,"£	1,746.00",,US$	0.00,£	0.00,,,"£	1,298.18",,,,US$	0.00,£	0.00,,"£	4,501.10","US$	10,002.44",,£	0.00,"US$	10,002.44","£	4,501.10","£	7,845.21","US$	17,433.81"
WEEK 2,Friday,February 27,£	0.01,,,,,,,,,,,,"US$	10,000.00",US$	0.00,£	0.00,,US$	0.00,£	0.00,,,,,,£	128.73,£	(64.28),,£	0.55,£	(6.37),,£	0.00,,,£	(100.00),,"£	1,746.00",,US$	0.00,£	0.00,,,"£	1,298.18",,,,US$	0.00,£	0.00,,"£	4,501.10","US$	10,002.44",,£	0.00,"US$	10,002.44","£	4,501.10","£	7,674.56","US$	17,054.59"
WEEK 2,Saturday,February 28,"£	1,300.00","£	4,120.39",,£	(535.36),,£	(178.34),"£	(2,050.00)","£	1,093.30",,"£	(1,350.00)",,£	200.00,"US$	10,000.00",US$	0.00,£	0.00,,"US$	1,189.68",£	535.36,,,,,"US$	1,189.68",£	64.45,£	(64.28),,£	172.52,£	(6.37),£	178.34,"£	2,050.00",,,,"£	2,050.00","£	1,746.00",,"US$	3,000.00","£	1,350.00",,"US$	3,000.00","£	1,098.18",,,£	(200.00),US$	0.00,£	0.00,,"£	2,847.80","US$	6,328.44",£	(560.00),"£	(1,093.30)","US$	6,328.44","£	2,847.80","£	11,164.30","US$	24,809.56"
WEEK 2,Sunday,March 1,£	900.00,,,,,,,,,,,£	(400.00),"US$	10,000.00",US$	0.00,£	0.00,,"US$	3,716.00","£	1,672.20",,,,"US$	2,526.32",,£	0.17,£	(64.28),,£	166.77,£	(5.75),,£	150.00,,"£	(1,800.00)",£	(100.00),,"£	1,746.00",,"US$	3,000.00","£	1,350.00",,,"£	1,098.18",£	(200.00),£	(200.00),£	400.00,US$	0.00,£	0.00,,"£	2,847.80","US$	6,328.44",,£	0.00,"US$	6,328.44","£	2,847.80","£	9,931.12","US$	22,069.15"
WEEK 1,Monday,March 2,£	450.00,,,,£	(450.00),,,£	119.00,,,,£	(119.00),"US$	10,000.00",US$	0.00,£	0.00,,"US$	3,716.00","£	1,672.20",,,,,,£	385.89,£	(64.28),£	450.00,£	161.01,£	(5.75),,£	150.00,,,,,"£	1,746.00",,"US$	3,000.00","£	1,350.00",,,"£	1,217.18",,,£	119.00,US$	0.00,£	0.00,,"£	2,728.80","US$	6,064.00",,£	(119.00),"US$	6,064.00","£	2,728.80","£	9,861.08","US$	21,913.52"
WEEK 1,Tuesday,March 3,£	450.00,,,,,,,,,,,,"US$	10,000.00",US$	0.00,£	0.00,,"US$	3,716.00","£	1,672.20",,,,,,£	321.61,£	(64.28),,£	155.26,£	(5.75),,£	150.00,,,,,"£	1,746.00",,"US$	3,000.00","£	1,350.00",,,"£	1,217.18",,,,US$	0.00,£	0.00,,"£	2,728.80","US$	6,064.00",,£	0.00,"US$	6,064.00","£	2,728.80","£	9,791.05","US$	21,757.89"
WEEK 1,Wednesday,March 4,£	450.00,,,,,,,,,,,,"US$	10,000.00",US$	0.00,£	0.00,,"US$	3,716.00","£	1,672.20",,,,,,£	257.33,£	(64.28),,£	149.51,£	(5.75),,£	150.00,,,,,"£	1,746.00",,"US$	3,000.00","£	1,350.00",,,"£	1,217.18",,,,US$	0.00,£	0.00,,"£	2,728.80","US$	6,064.00",,£	0.00,"US$	6,064.00","£	2,728.80","£	9,721.02","US$	21,602.26"
WEEK 1,Thursday,March 5,£	450.00,,,,,,,,,,,,"US$	10,000.00",US$	0.00,£	0.00,,"US$	3,716.00","£	1,672.20",,,,,,£	193.05,£	(64.28),,£	143.75,£	(5.75),,£	150.00,,,,,"£	1,746.00",,"US$	3,000.00","£	1,350.00",,,"£	1,217.18",,,,US$	0.00,£	0.00,,"£	2,728.80","US$	6,064.00",,£	0.00,"US$	6,064.00","£	2,728.80","£	9,650.98","US$	21,446.63"
WEEK 1,Friday,March 6,£	450.00,,,,,,,,,,,,"US$	10,000.00",US$	0.00,£	0.00,,"US$	3,716.00","£	1,672.20",,,,,,£	128.77,£	(64.28),,£	138.00,£	(5.75),,£	150.00,,,,,"£	1,746.00",,"US$	3,000.00","£	1,350.00",,,"£	1,217.18",,,,US$	0.00,£	0.00,,"£	2,662.90","US$	5,917.56",£	(65.90),£	0.00,"US$	5,917.56","£	2,662.90","£	9,515.05","US$	21,144.56"
WEEK 1,Saturday,March 7,£	450.00,,,,,,,,,,,,"US$	10,000.00",US$	0.00,£	0.00,,"US$	3,716.00","£	1,672.20",,,,,,£	64.49,£	(64.28),,£	132.25,£	(5.75),,£	150.00,,,,,"£	1,746.00",,"US$	3,000.00","£	1,350.00",,,"£	1,217.18",,,,US$	0.00,£	0.00,,"£	2,662.90","US$	5,917.56",,£	0.00,"US$	5,917.56","£	2,662.90","£	9,445.02","US$	20,988.93"
WEEK 1,Sunday,March 8,£	450.00,,,,,,,,,,,,"US$	10,000.00",US$	0.00,£	0.00,,"US$	3,716.00","£	1,672.20",,,,,,£	0.21,£	(64.28),,£	126.50,£	(5.75),,£	150.00,,,,,"£	1,746.00",,"US$	3,000.00","£	1,350.00",,,"£	1,217.18",,,,US$	0.00,£	0.00,,"£	2,662.90","US$	5,917.56",,£	0.00,"US$	5,917.56","£	2,662.90","£	9,374.99","US$	20,833.30"
WEEK 2,Monday,March 9,£	0.00,,,,£	(450.00),,,,,,,,"US$	10,000.00",US$	0.00,£	0.00,,"US$	3,716.00","£	1,672.20",,,,,,£	385.93,£	(64.28),£	450.00,£	120.74,£	(5.75),,£	150.00,,,,,"£	1,746.00",,"US$	3,000.00","£	1,350.00",,,"£	1,217.18",,,,US$	0.00,£	0.00,,"£	2,662.90","US$	5,917.56",,£	0.00,"US$	5,917.56","£	2,662.90","£	9,304.95","US$	20,677.67"
WEEK 2,Tuesday,March 10,£	0.00,,,,,,,,,,,,"US$	10,000.00",US$	0.00,£	0.00,,"US$	3,716.00","£	1,672.20",,,,,,£	321.65,£	(64.28),,£	114.99,£	(5.75),,£	150.00,,,,,"£	1,746.00",,"US$	3,000.00","£	1,350.00",,,"£	1,217.18",,,,US$	0.00,£	0.00,,"£	2,662.90","US$	5,917.56",,£	0.00,"US$	5,917.56","£	2,662.90","£	9,234.92","US$	20,522.04"
WEEK 2,Wednesday,March 11,£	0.00,,,,,,,,,,,,"US$	10,000.00",US$	0.00,£	0.00,,"US$	1,858.00",£	836.10,"US$	(1,858.00)",,,,,£	257.37,£	(64.28),,£	109.24,£	(5.75),,£	150.00,,,,,"£	1,746.00",,"US$	3,000.00","£	1,350.00",,,"£	1,217.18",,,,US$	0.00,£	0.00,,"£	2,662.90","US$	5,917.56",,£	0.00,"US$	5,917.56","£	2,662.90","£	8,328.79","US$	18,508.41"
WEEK 2,Thursday,March 12,£	0.00,,,,,,,,,,,,"US$	10,000.00",US$	0.00,£	0.00,,"US$	1,858.00",£	836.10,,,,,,£	193.09,£	(64.28),,£	103.48,£	(5.75),,£	150.00,,,,,"£	1,746.00",,"US$	3,000.00","£	1,350.00",,,"£	1,217.18",,,,US$	0.00,£	0.00,,"£	2,662.90","US$	5,917.56",,£	0.00,"US$	5,917.56","£	2,662.90","£	8,258.75","US$	18,352.79"
WEEK 2,Friday,March 13,£	0.00,,,,,,,,,,,,"US$	10,000.00",US$	0.00,£	0.00,,"US$	1,858.00",£	836.10,,,,,,£	128.81,£	(64.28),,£	97.73,£	(5.75),,£	150.00,,,,,"£	1,746.00",,"US$	3,000.00","£	1,350.00",,,"£	1,217.18",,,,US$	0.00,£	0.00,,"£	2,662.90","US$	5,917.56",,£	0.00,"US$	5,917.56","£	2,662.90","£	8,188.72","US$	18,197.16"
WEEK 2,Saturday,March 14,£	0.00,,,,,,,,,,,,"US$	10,000.00",US$	0.00,£	0.00,,"US$	1,858.00",£	836.10,,,,,,£	64.53,£	(64.28),,£	91.98,£	(5.75),,£	150.00,,,,,"£	1,746.00",,"US$	3,000.00","£	1,350.00",,,"£	1,217.18",,,,US$	0.00,£	0.00,,"£	2,662.90","US$	5,917.56",,£	0.00,"US$	5,917.56","£	2,662.90","£	8,118.69","US$	18,041.53"
WEEK 2,Sunday,March 15,"£	2,150.00","£	3,879.18",,,,,,"£	(1,729.18)",,,,,"US$	10,000.00",US$	0.00,£	0.00,,"US$	1,858.00",£	836.10,,,,,,£	0.25,£	(64.28),,£	86.22,£	(5.75),,£	150.00,,,,,"£	1,746.00",,"US$	3,000.00","£	1,350.00",,,"£	1,217.18",,,,US$	0.00,£	0.00,,"£	4,392.08","US$	9,760.18",,"£	1,729.18","US$	9,760.18","£	4,392.08","£	11,927.83","US$	26,506.30"
WEEK 1,Monday,March 16,"£	1,100.00",,,,£	(450.00),,,£	(160.00),,,,£	(440.00),"US$	10,000.00",US$	0.00,£	0.00,,"US$	1,858.00",£	836.10,,,,,,£	385.97,£	(64.28),£	450.00,£	80.47,£	(5.75),,£	150.00,,,,,"£	1,746.00",,"US$	3,000.00","£	1,350.00",,,"£	1,057.18",£	(300.00),£	(300.00),£	440.00,US$	0.00,£	0.00,,"£	4,552.08","US$	10,115.73",,£	160.00,"US$	10,115.73","£	4,552.08","£	11,257.80","US$	25,017.34"
WEEK 1,Tuesday,March 17,"£	1,100.00",,,,,,,,,,,,"US$	10,000.00",US$	0.00,£	0.00,,"US$	1,858.00",£	836.10,,,,,,£	321.69,£	(64.28),,£	74.72,£	(5.75),,£	150.00,,,,,"£	1,746.00",,"US$	3,000.00","£	1,350.00",,,"£	1,057.18",,,,US$	0.00,£	0.00,,"£	4,504.25","US$	10,009.44",£	(47.83),£	0.00,"US$	10,009.44","£	4,504.25","£	11,139.94","US$	24,755.42"
WEEK 1,Wednesday,March 18,"£	1,100.00",,,,,,,,,,,,"US$	10,000.00",US$	0.00,£	0.00,,"US$	1,858.00",£	836.10,,,,,,£	257.41,£	(64.28),,£	68.97,£	(5.75),,£	150.00,,,,,"£	1,746.00",,"US$	3,000.00","£	1,350.00",,,"£	1,057.18",,,,US$	0.00,£	0.00,,"£	4,504.25","US$	10,009.44",,£	0.00,"US$	10,009.44","£	4,504.25","£	11,069.91","US$	24,599.79"
WEEK 1,Thursday,March 19,"£	1,100.00",,,,,,,,,,,,"US$	10,000.00",US$	0.00,£	0.00,,"US$	1,858.00",£	836.10,,,,,,£	193.13,£	(64.28),,£	63.21,£	(5.75),,£	150.00,,,,,"£	1,746.00",,"US$	3,000.00","£	1,350.00",,,"£	1,057.18",,,,US$	0.00,£	0.00,,"£	4,504.25","US$	10,009.44",,£	0.00,"US$	10,009.44","£	4,504.25","£	10,999.87","US$	24,444.16"
WEEK 1,Friday,March 20,"£	1,100.00",,,,,,,,,,,,"US$	10,000.00",US$	0.00,£	0.00,,"US$	1,858.00",£	836.10,,,,,,£	128.85,£	(64.28),,£	57.46,£	(5.75),,£	150.00,,,,,"£	1,746.00",,"US$	3,000.00","£	1,350.00",,,"£	1,057.18",,,,US$	0.00,£	0.00,,"£	4,504.25","US$	10,009.44",,£	0.00,"US$	10,009.44","£	4,504.25","£	10,929.84","US$	24,288.53"
WEEK 1,Saturday,March 21,"£	1,100.00",,,,,,,,,,,,"US$	10,000.00",US$	0.00,£	0.00,,"US$	1,858.00",£	836.10,,,,,,£	64.57,£	(64.28),,£	51.71,£	(5.75),,£	150.00,,,,,"£	1,746.00",,"US$	3,000.00","£	1,350.00",,,"£	1,057.18",,,,US$	0.00,£	0.00,,"£	4,504.25","US$	10,009.44",,£	0.00,"US$	10,009.44","£	4,504.25","£	10,859.81","US$	24,132.91"
WEEK 1,Sunday,March 22,"£	1,100.00",,,,,,,,,,,,"US$	10,000.00",US$	0.00,£	0.00,,"US$	1,858.00",£	836.10,,,,,,£	0.29,£	(64.28),,£	45.95,£	(5.75),,£	150.00,,,,,"£	1,746.00",,"US$	3,000.00","£	1,350.00",,,"£	1,057.18",,,,US$	0.00,£	0.00,,"£	4,504.25","US$	10,009.44",,£	0.00,"US$	10,009.44","£	4,504.25","£	10,789.77","US$	23,977.28"
WEEK 2,Monday,March 23,£	650.00,,,,£	(450.00),,,,,,,,"US$	10,000.00",US$	0.00,£	0.00,,"US$	1,858.00",£	836.10,,,,,,£	386.01,£	(64.28),£	450.00,£	40.20,£	(5.75),,£	150.00,,,,,"£	1,746.00",,"US$	3,000.00","£	1,350.00",,,"£	1,057.18",,,,US$	0.00,£	0.00,,"£	4,504.25","US$	10,009.44",,£	0.00,"US$	10,009.44","£	4,504.25","£	10,719.74","US$	23,821.65"
WEEK 2,Tuesday,March 24,£	650.00,,,,,,,,,,,,"US$	10,000.00",US$	0.00,£	0.00,,"US$	1,858.00",£	836.10,,,,,,£	321.73,£	(64.28),,£	34.45,£	(5.75),,£	150.00,,,,,"£	1,746.00",,"US$	3,000.00","£	1,350.00",,,"£	1,057.18",,,,US$	0.00,£	0.00,,"£	4,504.25","US$	10,009.44",,£	0.00,"US$	10,009.44","£	4,504.25","£	10,649.71","US$	23,666.02"
WEEK 2,Wednesday,March 25,£	650.00,,,,,,,,,,,,"US$	10,000.00",US$	0.00,£	0.00,,US$	0.00,£	0.00,"US$	(1,858.00)",,,,,£	257.45,£	(64.28),,£	28.70,£	(5.75),,£	150.00,,,,,"£	1,746.00",,"US$	3,000.00","£	1,350.00",,,"£	1,057.18",,,,US$	0.00,£	0.00,,"£	4,504.25","US$	10,009.44",,£	0.00,"US$	10,009.44","£	4,504.25","£	9,743.58","US$	21,652.39"
WEEK 2,Thursday,March 26,£	450.00,,,,£	(200.00),,,,,,,,"US$	10,000.00",US$	0.00,£	0.00,,US$	0.00,£	0.00,,,,,,£	393.17,£	(64.28),£	200.00,£	22.94,£	(5.75),,£	150.00,,,,,"£	1,746.00",,"US$	3,000.00","£	1,350.00",,,"£	1,057.18",,,,US$	0.00,£	0.00,,"£	4,429.25","US$	9,842.78",£	(75.00),£	0.00,"US$	9,842.78","£	4,429.25","£	9,598.54","US$	21,330.10"
WEEK 2,Friday,March 27,£	400.00,,,,£	(50.00),,,,,,,,"US$	10,000.00",US$	0.00,£	0.00,,US$	0.00,£	0.00,,,,,,£	128.89,£	(314.28),£	50.00,£	17.19,£	(5.75),,£	0.00,,,£	(150.00),,"£	1,746.00",,US$	0.00,£	0.00,"US$	(3,000.00)",,"£	1,057.18",,,,US$	0.00,£	0.00,,"£	4,429.25","US$	9,842.78",,£	0.00,"US$	9,842.78","£	4,429.25","£	7,778.51","US$	17,285.58"
WEEK 2,Saturday,March 28,£	400.00,,,,,,,,,,,,"US$	10,000.00",US$	0.00,£	0.00,,US$	0.00,£	0.00,,,,,,£	64.61,£	(64.28),,£	11.44,£	(5.75),,£	0.00,,,,,"£	1,746.00",,US$	0.00,£	0.00,,,"£	1,057.18",,,,US$	0.00,£	0.00,,"£	4,429.25","US$	9,842.78",,£	0.00,"US$	9,842.78","£	4,429.25","£	7,708.48","US$	17,129.95"
WEEK 2,Sunday,March 29,£	400.00,,,,,,,,,,,,"US$	10,000.00",US$	0.00,£	0.00,,US$	0.00,£	0.00,,,,,,£	0.33,£	(64.28),,£	5.68,£	(5.75),,£	0.00,,,,,"£	1,746.00",,US$	0.00,£	0.00,,,"£	1,057.18",,,,US$	0.00,£	0.00,,"£	4,429.25","US$	9,842.78",,£	0.00,"US$	9,842.78","£	4,429.25","£	7,638.44","US$	16,974.32"
WEEK 1,Monday,March 30,£	0.00,,,,£	(400.00),,,,,,,,"US$	10,000.00",US$	0.00,£	0.00,,US$	0.00,£	0.00,,,,,,£	336.05,£	(64.28),£	400.00,£	(0.07),£	(5.75),,£	0.00,,,,,"£	1,746.00",,US$	0.00,£	0.00,,,"£	1,057.18",,,,US$	0.00,£	0.00,,"£	4,429.25","US$	9,842.78",,£	0.00,"US$	9,842.78","£	4,429.25","£	7,568.41","US$	16,818.69"
WEEK 1,Tuesday,March 31,£	900.00,"£	4,120.39",,£	(797.41),,£	(178.34),"£	(2,050.00)",£	205.36,,,,£	(400.00),"US$	10,000.00",US$	0.00,£	0.00,,"US$	1,772.03",£	797.41,,,,,"US$	1,772.03",£	271.77,£	(64.28),,£	172.52,£	(5.75),£	178.34,"£	2,050.00",,,,"£	2,050.00","£	1,746.00",,US$	0.00,£	0.00,,,"£	1,057.18",£	(200.00),£	(200.00),£	400.00,US$	0.00,£	0.00,,"£	4,223.89","US$	9,386.42",,£	(205.36),"US$	9,386.42","£	4,223.89","£	11,218.77","US$	24,930.60"
WEEK 1,Wednesday,April 1,£	900.00,,,,,,,,,,,,"US$	10,000.00",US$	0.00,£	0.00,,"US$	3,716.00","£	1,672.20",,,,"US$	1,943.97",,£	207.49,£	(64.28),,£	166.57,£	(5.94),,£	250.00,,"£	(1,800.00)",,,"£	1,746.00",,US$	0.00,£	0.00,,,"£	1,057.18",,,,US$	0.00,£	0.00,,"£	4,223.89","US$	9,386.42",,£	0.00,"US$	9,386.42","£	4,223.89","£	10,223.33","US$	22,718.51"
WEEK 1,Thursday,April 2,£	900.00,,,,,,,,,,,,"US$	10,000.00",US$	0.00,£	0.00,,"US$	3,716.00","£	1,672.20",,,,,,£	143.21,£	(64.28),,£	160.63,£	(5.94),,£	250.00,,,,,"£	1,746.00",,US$	0.00,£	0.00,,,"£	1,057.18",,,,US$	0.00,£	0.00,,"£	4,223.89","US$	9,386.42",,£	0.00,"US$	9,386.42","£	4,223.89","£	10,153.11","US$	22,562.46"
WEEK 1,Friday,April 3,£	900.00,,,,,,,,,,,,"US$	10,000.00",US$	0.00,£	0.00,,"US$	3,716.00","£	1,672.20",,,,,,£	78.93,£	(64.28),,£	154.68,£	(5.94),,£	250.00,,,,,"£	1,746.00",,US$	0.00,£	0.00,,,"£	1,057.18",,,,US$	0.00,£	0.00,,"£	4,223.89","US$	9,386.42",,£	0.00,"US$	9,386.42","£	4,223.89","£	10,082.88","US$	22,406.40"
WEEK 1,Saturday,April 4,£	900.00,,,,,,,,,,,,"US$	10,000.00",US$	0.00,£	0.00,,"US$	3,716.00","£	1,672.20",,,,,,£	14.65,£	(64.28),,£	148.74,£	(5.94),,£	250.00,,,,,"£	1,746.00",,US$	0.00,£	0.00,,,"£	1,057.18",,,,US$	0.00,£	0.00,,"£	4,223.89","US$	9,386.42",,£	0.00,"US$	9,386.42","£	4,223.89","£	10,012.66","US$	22,250.35"
WEEK 1,Sunday,April 5,£	900.00,,,,,,,,,,,,"US$	10,000.00",US$	0.00,£	0.00,,"US$	3,716.00","£	1,672.20",,,,,,£	(49.63),£	(64.28),,£	142.79,£	(5.94),,£	250.00,,,,,"£	1,746.00",,US$	0.00,£	0.00,,,"£	1,057.18",,,,US$	0.00,£	0.00,,"£	4,223.89","US$	9,386.42",,£	0.00,"US$	9,386.42","£	4,223.89","£	9,942.43","US$	22,094.29"
WEEK 2,Monday,April 6,£	450.00,,,,£	(450.00),,,,,,,,"US$	10,000.00",US$	0.00,£	0.00,,"US$	3,716.00","£	1,672.20",,,,,,£	336.09,£	(64.28),£	450.00,£	136.85,£	(5.94),,£	250.00,,,,,"£	1,746.00",,US$	0.00,£	0.00,,,"£	1,057.18",,,,US$	0.00,£	0.00,,"£	4,223.89","US$	9,386.42",,£	0.00,"US$	9,386.42","£	4,223.89","£	9,872.21","US$	21,938.24"
WEEK 2,Tuesday,April 7,£	450.00,,,,,,,,,,,,"US$	10,000.00",US$	0.00,£	0.00,,"US$	3,716.00","£	1,672.20",,,,,,£	321.40,£	(14.69),,£	130.91,£	(5.94),,£	250.00,,,,,"£	1,746.00",,US$	0.00,£	0.00,,,"£	1,057.18",,,,US$	0.00,£	0.00,,"£	4,223.89","US$	9,386.42",,£	0.00,"US$	9,386.42","£	4,223.89","£	9,851.57","US$	21,892.38"
WEEK 2,Wednesday,April 8,£	450.00,,,,,,,,,,,,"US$	10,000.00",US$	0.00,£	0.00,,"US$	1,858.00",£	836.10,"US$	(1,858.00)",,,,,£	257.12,£	(64.28),,£	124.96,£	(5.94),,£	250.00,,,,,"£	1,746.00",,US$	0.00,£	0.00,,,"£	1,057.18",,,,US$	0.00,£	0.00,,"£	4,223.89","US$	9,386.42",,£	0.00,"US$	9,386.42","£	4,223.89","£	8,945.25","US$	19,878.33"
WEEK 2,Thursday,April 9,£	450.00,,,,,,,£	115.55,,,,£	(115.55),"US$	10,000.00",US$	0.00,£	0.00,,"US$	1,858.00",£	836.10,,,,,,£	192.84,£	(64.28),,£	119.02,£	(5.94),,£	250.00,,,,,"£	1,746.00",,US$	0.00,£	0.00,,,"£	1,172.73",,,£	115.55,US$	0.00,£	0.00,,"£	4,108.34","US$	9,129.64",,£	(115.55),"US$	9,129.64","£	4,108.34","£	8,875.02","US$	19,722.27"
WEEK 2,Friday,April 10,£	450.00,,,,,,,,,,,,"US$	10,000.00",US$	0.00,£	0.00,,"US$	1,858.00",£	836.10,,,,,,£	128.56,£	(64.28),,£	113.07,£	(5.94),,£	250.00,,,,,"£	1,746.00",,US$	0.00,£	0.00,,,"£	1,172.73",,,,US$	0.00,£	0.00,,"£	4,108.34","US$	9,129.64",,£	0.00,"US$	9,129.64","£	4,108.34","£	8,804.80","US$	19,566.22"
WEEK 2,Saturday,April 11,£	450.00,,,,,,,,,,,,"US$	10,000.00",US$	0.00,£	0.00,,"US$	1,858.00",£	836.10,,,,,,£	64.28,£	(64.28),,£	107.13,£	(5.94),,£	250.00,,,,,"£	1,746.00",,US$	0.00,£	0.00,,,"£	1,172.73",,,,US$	0.00,£	0.00,,"£	4,108.34","US$	9,129.64",,£	0.00,"US$	9,129.64","£	4,108.34","£	8,734.57","US$	19,410.16"
WEEK 2,Sunday,April 12,£	450.00,,,,,,,,,,,,"US$	10,000.00",US$	0.00,£	0.00,,"US$	1,858.00",£	836.10,,,,,,£	0.00,£	(64.28),,£	101.18,£	(5.94),,£	250.00,,,,,"£	1,746.00",,US$	0.00,£	0.00,,,"£	1,172.73",,,,US$	0.00,£	0.00,,"£	3,809.34","US$	8,465.20",£	(299.00),£	0.00,"US$	8,465.20","£	3,809.34","£	8,365.35","US$	18,589.66"
WEEK 1,Monday,April 13,£	(0.00),,,,£	(450.00),,,,,,,,"US$	10,000.00",US$	0.00,£	0.00,,"US$	1,858.00",£	836.10,,,,,,£	385.72,£	(64.28),£	450.00,£	95.24,£	(5.94),,£	250.00,,,,,"£	1,746.00",,US$	0.00,£	0.00,,,"£	1,172.73",,,,US$	0.00,£	0.00,,"£	3,809.34","US$	8,465.20",,£	0.00,"US$	8,465.20","£	3,809.34","£	8,295.12","US$	18,433.61"
WEEK 1,Tuesday,April 14,£	(0.00),,,,,,,£	(156.00),,,,£	156.00,"US$	10,000.00",US$	0.00,£	0.00,,"US$	1,858.00",£	836.10,,,,,,£	321.44,£	(64.28),,£	89.29,£	(5.94),,£	250.00,,,,,"£	1,746.00",,US$	0.00,£	0.00,,,"£	1,016.73",,,£	(156.00),US$	0.00,£	0.00,,"£	3,965.34","US$	8,811.87",,£	156.00,"US$	8,811.87","£	3,965.34","£	8,224.90","US$	18,277.55"
WEEK 1,Wednesday,April 15,"£	1,100.00","£	3,723.24",,,,,,"£	(2,223.24)",,,,£	(400.00),"US$	10,000.00",US$	0.00,£	0.00,,"US$	1,858.00",£	836.10,,,,,,£	257.16,£	(64.28),,£	83.35,£	(5.94),,£	250.00,,,,,"£	1,746.00",,US$	0.00,£	0.00,,,"£	1,016.73",£	(200.00),£	(200.00),£	400.00,US$	0.00,£	0.00,,"£	6,188.58","US$	13,752.40",,"£	2,223.24","US$	13,752.40","£	6,188.58","£	11,477.91","US$	25,506.48"
WEEK 1,Thursday,April 16,"£	1,100.00",,,,,,,,,,,,"US$	10,000.00",US$	0.00,£	0.00,,"US$	1,858.00",£	836.10,,,,,,£	192.88,£	(64.28),,£	77.40,£	(5.94),,£	250.00,,,,,"£	1,746.00",,US$	0.00,£	0.00,,,"£	1,016.73",,,,US$	0.00,£	0.00,,"£	6,188.58","US$	13,752.40",,£	0.00,"US$	13,752.40","£	6,188.58","£	11,407.69","US$	25,350.42"
WEEK 1,Friday,April 17,"£	1,100.00",,,,,,,,,,,,"US$	10,000.00",US$	0.00,£	0.00,,"US$	1,858.00",£	836.10,,,,,,£	128.60,£	(64.28),,£	71.46,£	(5.94),,£	250.00,,,,,"£	1,746.00",,US$	0.00,£	0.00,,,"£	1,016.73",,,,US$	0.00,£	0.00,,"£	6,188.58","US$	13,752.40",,£	0.00,"US$	13,752.40","£	6,188.58","£	11,337.47","US$	25,194.37"
WEEK 1,Saturday,April 18,"£	1,100.00",,,,,,,,,,,,"US$	10,000.00",US$	0.00,£	0.00,,"US$	1,858.00",£	836.10,,,,,,£	64.32,£	(64.28),,£	65.51,£	(5.94),,£	250.00,,,,,"£	1,746.00",,US$	0.00,£	0.00,,,"£	1,016.73",,,,US$	0.00,£	0.00,,"£	6,188.58","US$	13,752.40",,£	0.00,"US$	13,752.40","£	6,188.58","£	11,267.24","US$	25,038.31"
WEEK 1,Sunday,April 19,"£	1,100.00",,,,,,,,,,,,"US$	10,000.00",US$	0.00,£	0.00,,"US$	1,858.00",£	836.10,,,,,,£	0.04,£	(64.28),,£	59.57,£	(5.94),,£	200.00,,,£	(50.00),,"£	1,746.00",,US$	0.00,£	0.00,,,"£	1,016.73",,,,US$	0.00,£	0.00,,"£	4,509.69","US$	10,021.53","£	(1,678.89)",£	0.00,"US$	10,021.53","£	4,509.69","£	9,468.13","US$	21,040.28"
WEEK 2,Monday,April 20,£	650.00,,,,£	(450.00),,,,,,,,"US$	10,000.00",US$	0.00,£	0.00,,"US$	1,858.00",£	836.10,,,,,,£	385.76,£	(64.28),£	450.00,£	53.62,£	(5.94),,£	200.00,,,,,"£	1,746.00",,US$	0.00,£	0.00,,,"£	1,016.73",,,,US$	0.00,£	0.00,,"£	4,509.69","US$	10,021.53",,£	0.00,"US$	10,021.53","£	4,509.69","£	9,397.90","US$	20,884.23"
WEEK 2,Tuesday,April 21,£	650.00,,,,,,,,,,,,"US$	10,000.00",US$	0.00,£	0.00,,"US$	1,858.00",£	836.10,,,,,,£	321.48,£	(64.28),,£	47.68,£	(5.94),,£	200.00,,,,,"£	1,746.00",,US$	0.00,£	0.00,,,"£	1,016.73",,,,US$	0.00,£	0.00,,"£	4,509.69","US$	10,021.53",,£	0.00,"US$	10,021.53","£	4,509.69","£	9,327.68","US$	20,728.17"
WEEK 2,Wednesday,April 22,£	650.00,,,,,,,,,,,,"US$	10,000.00",US$	0.00,£	0.00,,US$	0.00,£	0.00,"US$	(1,858.00)",,,,,£	257.20,£	(64.28),,£	41.74,£	(5.94),,£	200.00,,,,,"£	1,746.00",,US$	0.00,£	0.00,,,"£	1,016.73",,,,US$	0.00,£	0.00,,"£	4,509.69","US$	10,021.53",,£	0.00,"US$	10,021.53","£	4,509.69","£	8,421.35","US$	18,714.12"
WEEK 2,Thursday,April 23,£	450.00,,,,£	(200.00),,,,,,,,"US$	10,000.00",US$	0.00,£	0.00,,US$	0.00,£	0.00,,,,,,£	392.92,£	(64.28),£	200.00,£	35.79,£	(5.94),,£	200.00,,,,,"£	1,746.00",,US$	0.00,£	0.00,,,"£	1,016.73",,,,US$	0.00,£	0.00,,"£	4,509.69","US$	10,021.53",,£	0.00,"US$	10,021.53","£	4,509.69","£	8,351.13","US$	18,558.06"
WEEK 2,Friday,April 24,£	450.00,,,,,,,,,,,,"US$	10,000.00",US$	0.00,£	0.00,,US$	0.00,£	0.00,,,,,,£	128.64,£	(264.28),,£	29.85,£	(5.94),,£	200.00,,,,,"£	1,746.00",,US$	0.00,£	0.00,,,"£	1,016.73",,,,US$	0.00,£	0.00,,"£	4,368.42","US$	9,707.60",£	(141.27),£	0.00,"US$	9,707.60","£	4,368.42","£	7,939.63","US$	17,643.63"
WEEK 2,Saturday,April 25,£	450.00,,,,,,,,,,,,"US$	10,000.00",US$	0.00,£	0.00,,US$	0.00,£	0.00,,,,,,£	64.36,£	(64.28),,£	23.90,£	(5.94),,£	200.00,,,,,"£	1,746.00",,US$	0.00,£	0.00,,,"£	1,016.73",,,,US$	0.00,£	0.00,,"£	4,368.42","US$	9,707.60",,£	0.00,"US$	9,707.60","£	4,368.42","£	7,869.41","US$	17,487.57"
WEEK 2,Sunday,April 26,£	450.00,,,,,,,,,,,,"US$	10,000.00",US$	0.00,£	0.00,,US$	0.00,£	0.00,,,,,,£	0.08,£	(64.28),,£	17.96,£	(5.94),,£	200.00,,,,,"£	1,746.00",,US$	0.00,£	0.00,,,"£	1,016.73",,,,US$	0.00,£	0.00,,"£	4,744.42","US$	10,543.16",£	376.00,£	0.00,"US$	10,543.16","£	4,744.42","£	8,175.18","US$	18,167.07"
WEEK 1,Monday,April 27,£	(0.00),,,,£	(450.00),,,,,,,,"US$	10,000.00",US$	0.00,£	0.00,,US$	0.00,£	0.00,,,,,,£	385.80,£	(64.28),£	450.00,£	12.01,£	(5.94),,£	200.00,,,,,"£	1,746.00",,US$	0.00,£	0.00,,,"£	1,016.73",,,,US$	0.00,£	0.00,,"£	4,744.42","US$	10,543.16",,£	0.00,"US$	10,543.16","£	4,744.42","£	8,104.96","US$	18,011.02"
WEEK 1,Tuesday,April 28,£	(0.00),,,,,,,,,,,,"US$	10,000.00",US$	0.00,£	0.00,,US$	0.00,£	0.00,,,,,,£	321.52,£	(64.28),,£	6.07,£	(5.94),,£	200.00,,,,,"£	1,746.00",,US$	0.00,£	0.00,,,"£	1,016.73",,,,US$	0.00,£	0.00,,"£	4,744.42","US$	10,543.16",,£	0.00,"US$	10,543.16","£	4,744.42","£	8,034.73","US$	17,854.96"
WEEK 1,Wednesday,April 29,£	(0.00),,,,,,,,,,,,"US$	10,000.00",US$	0.00,£	0.00,,US$	0.00,£	0.00,,,,,,£	257.24,£	(64.28),,£	0.12,£	(5.94),,£	0.00,,,£	(200.00),,"£	1,746.00",,US$	0.00,£	0.00,,,"£	1,016.73",,,,US$	0.00,£	0.00,,"£	4,744.42","US$	10,543.16",,£	0.00,"US$	10,543.16","£	4,744.42","£	7,764.51","US$	17,254.47"
WEEK 1,Thursday,April 30,£	900.00,"£	3,912.13",,£	(837.77),,£	(178.34),"£	(2,050.00)",£	453.98,,,,£	(400.00),"US$	10,000.00",US$	0.00,£	0.00,,"US$	1,861.71",£	837.77,,,,,"US$	1,861.71",£	192.96,£	(64.28),,£	172.52,£	(5.94),£	178.34,"£	2,050.00",,,,"£	2,050.00","£	1,746.00",,US$	0.00,£	0.00,,,"£	1,016.73",£	(200.00),£	(200.00),£	400.00,US$	0.00,£	0.00,,"£	4,290.44","US$	9,534.31",,£	(453.98),"US$	9,534.31","£	4,290.44","£	11,206.41","US$	24,903.14"
WEEK 1,Friday,May 1,£	900.00,,,,,,,,,,,,"US$	10,000.00",US$	0.00,£	0.00,,"US$	4,388.03","£	1,974.61",,,,"US$	2,526.32",,£	128.68,£	(64.28),,£	166.77,£	(5.75),,£	250.00,,"£	(1,800.00)",,,"£	1,746.00",,US$	0.00,£	0.00,,,"£	1,016.73",,,,US$	0.00,£	0.00,,"£	4,290.44","US$	9,534.31",,£	0.00,"US$	9,534.31","£	4,290.44","£	10,473.23","US$	23,273.84"
WEEK 1,Saturday,May 2,£	900.00,,,,,,,,,,,,"US$	10,000.00",US$	0.00,£	0.00,,"US$	3,716.00","£	1,672.20",,US$	(672.03),,,,£	64.40,£	(64.28),,£	161.01,£	(5.75),,£	250.00,,,,,"£	1,746.00",,US$	0.00,£	0.00,,,"£	1,016.73",,,,US$	0.00,£	0.00,,"£	4,290.44","US$	9,534.31",,£	0.00,"US$	9,534.31","£	4,290.44","£	10,100.78","US$	22,446.18"
WEEK 1,Sunday,May 3,"£	1,337.67",,,,,,,"£	1,098.74",,,,£	(661.07),"US$	10,000.00",US$	0.00,£	0.00,,"US$	3,716.00","£	1,672.20",,,,,,£	0.12,£	(64.28),,£	155.26,£	(5.75),,£	250.00,,,,,"£	1,746.00",,US$	0.00,£	0.00,,,"£	1,677.80",,,£	661.07,US$	0.00,£	0.00,,"£	3,191.70","US$	7,092.67",,"£	(1,098.74)","US$	7,092.67","£	3,191.70","£	10,030.75","US$	22,290.55"
WEEK 2,Monday,May 4,£	450.00,,,,£	(450.00),,,,,,,£	(437.67),"US$	10,000.00",US$	0.00,£	0.00,,"US$	3,716.00","£	1,672.20",,,,,,£	385.84,£	(64.28),£	450.00,£	149.51,£	(5.75),,£	250.00,,,,,"£	1,746.00",,US$	0.00,£	0.00,,,"£	2,099.11",,£	(16.36),£	437.67,US$	0.00,£	0.00,,"£	3,120.43","US$	6,934.29",£	(71.27),£	0.00,"US$	6,934.29","£	3,120.43","£	9,873.08","US$	21,940.19"
WEEK 2,Tuesday,May 5,£	450.00,,,,,,,,,,,,"US$	10,000.00",US$	0.00,£	0.00,,"US$	3,716.00","£	1,672.20",,,,,,£	321.56,£	(64.28),,£	143.75,£	(5.75),,£	250.00,,,,,"£	1,746.00",,US$	0.00,£	0.00,,,"£	2,099.11",,,,US$	0.00,£	0.00,,"£	3,120.43","US$	6,934.29",,£	0.00,"US$	6,934.29","£	3,120.43","£	9,803.05","US$	21,784.56"
WEEK 2,Wednesday,May 6,£	450.00,,,,,,,,,,,,"US$	10,000.00",US$	0.00,£	0.00,,"US$	1,858.00",£	836.10,"US$	(1,858.00)",,,,,£	257.28,£	(64.28),,£	138.00,£	(5.75),,£	250.00,,,,,"£	1,746.00",,US$	0.00,£	0.00,,,"£	2,099.11",,,,US$	0.00,£	0.00,,"£	3,120.43","US$	6,934.29",,£	0.00,"US$	6,934.29","£	3,120.43","£	8,896.92","US$	19,770.93"
WEEK 2,Thursday,May 7,£	450.00,,,,,,,,,,,,"US$	10,000.00",US$	0.00,£	0.00,,"US$	1,858.00",£	836.10,,,,,,£	193.00,£	(64.28),,£	132.25,£	(5.75),,£	250.00,,,,,"£	1,746.00",,US$	0.00,£	0.00,,,"£	2,099.11",,,,US$	0.00,£	0.00,,"£	3,120.43","US$	6,934.29",,£	0.00,"US$	6,934.29","£	3,120.43","£	8,826.88","US$	19,615.30"
WEEK 2,Friday,May 8,£	450.00,,,,,,,,,,,,"US$	10,000.00",US$	0.00,£	0.00,,"US$	1,858.00",£	836.10,,,,,,£	128.72,£	(64.28),,£	126.50,£	(5.75),,£	250.00,,,,,"£	1,746.00",,US$	0.00,£	0.00,,,"£	2,099.11",,,,US$	0.00,£	0.00,,"£	3,120.43","US$	6,934.29",,£	0.00,"US$	6,934.29","£	3,120.43","£	8,756.85","US$	19,459.67"
WEEK 2,Saturday,May 9,£	450.00,,,,,,,,,,,,"US$	10,000.00",US$	0.00,£	0.00,,"US$	1,858.00",£	836.10,,,,,,£	64.44,£	(64.28),,£	120.74,£	(5.75),,£	250.00,,,,,"£	1,746.00",,US$	0.00,£	0.00,,,"£	2,099.11",,,,US$	0.00,£	0.00,,"£	2,773.43","US$	6,163.18",£	(347.00),£	0.00,"US$	6,163.18","£	2,773.43","£	8,339.82","US$	18,532.93"
WEEK 2,Sunday,May 10,£	450.00,,,,,,,,,,,,"US$	10,000.00",US$	0.00,£	0.00,,"US$	1,858.00",£	836.10,,,,,,£	0.16,£	(64.28),,£	114.99,£	(5.75),,£	250.00,,,,,"£	1,746.00",,US$	0.00,£	0.00,,,"£	2,099.11",,,,US$	0.00,£	0.00,,"£	2,773.43","US$	6,163.18",,£	0.00,"US$	6,163.18","£	2,773.43","£	8,269.79","US$	18,377.30"
WEEK 1,Monday,May 11,£	(0.00),,,,£	(450.00),,,,,,,,"US$	10,000.00",US$	0.00,£	0.00,,"US$	1,858.00",£	836.10,,,,,,£	385.88,£	(64.28),£	450.00,£	109.24,£	(5.75),,£	250.00,,,,,"£	1,746.00",,US$	0.00,£	0.00,,,"£	2,099.11",,,,US$	0.00,£	0.00,,"£	2,773.43","US$	6,163.18",,£	0.00,"US$	6,163.18","£	2,773.43","£	8,199.75","US$	18,221.67"
WEEK 1,Tuesday,May 12,£	(0.00),,,,,,,,,,,,"US$	10,000.00",US$	0.00,£	0.00,,"US$	1,858.00",£	836.10,,,,,,£	321.60,£	(64.28),,£	103.48,£	(5.75),,£	250.00,,,,,"£	1,746.00",,US$	0.00,£	0.00,,,"£	2,099.11",,,,US$	0.00,£	0.00,,"£	2,773.43","US$	6,163.18",,£	0.00,"US$	6,163.18","£	2,773.43","£	8,129.72","US$	18,066.05"
WEEK 1,Wednesday,May 13,£	(0.00),,,,,,,,,,,,"US$	10,000.00",US$	0.00,£	0.00,,"US$	1,858.00",£	836.10,,,,,,£	257.32,£	(64.28),,£	97.73,£	(5.75),,£	250.00,,,,,"£	1,746.00",,US$	0.00,£	0.00,,,"£	2,099.11",,,,US$	0.00,£	0.00,,"£	2,773.43","US$	6,163.18",,£	0.00,"US$	6,163.18","£	2,773.43","£	8,059.69","US$	17,910.42"
WEEK 1,Thursday,May 14,£	(0.00),,,,,,,,,,,,"US$	10,000.00",US$	0.00,£	0.00,,"US$	1,858.00",£	836.10,,,,,,£	193.04,£	(64.28),,£	91.98,£	(5.75),,£	250.00,,,,,"£	1,746.00",,US$	0.00,£	0.00,,,"£	2,099.11",,,,US$	0.00,£	0.00,,"£	2,773.43","US$	6,163.18",,£	0.00,"US$	6,163.18","£	2,773.43","£	7,989.65","US$	17,754.79"
WEEK 1,Friday,May 15,"£	1,500.00","£	3,722.83",,,,,,"£	(2,222.83)",,,,,"US$	10,000.00",US$	0.00,£	0.00,,"US$	1,858.00",£	836.10,,,,,,£	128.76,£	(64.28),,£	86.22,£	(5.75),,£	250.00,,,,,"£	1,746.00",,US$	0.00,£	0.00,,,"£	2,099.11",,,,US$	0.00,£	0.00,,"£	4,996.26","US$	11,102.80",,"£	2,222.83","US$	11,102.80","£	4,996.26","£	11,642.45","US$	25,872.11"
WEEK 1,Saturday,May 16,"£	1,500.00",,,,,,,,,,,,"US$	10,000.00",US$	0.00,£	0.00,,"US$	1,858.00",£	836.10,,,,,,£	64.48,£	(64.28),,£	80.47,£	(5.75),,£	250.00,,,,,"£	1,746.00",,US$	0.00,£	0.00,,,"£	2,099.11",,,,US$	0.00,£	0.00,,"£	4,996.26","US$	11,102.80",,£	0.00,"US$	11,102.80","£	4,996.26","£	11,572.42","US$	25,716.49"
WEEK 1,Sunday,May 17,"£	1,500.00",,,,,,,£	(161.00),,,,£	161.00,"US$	10,000.00",US$	0.00,£	0.00,,"US$	1,858.00",£	836.10,,,,,,£	0.20,£	(64.28),,£	74.72,£	(5.75),,£	250.00,,,,,"£	1,746.00",,US$	0.00,£	0.00,,,"£	1,938.11",,,£	(161.00),US$	0.00,£	0.00,,"£	5,157.26","US$	11,460.58",,£	161.00,"US$	11,460.58","£	5,157.26","£	11,502.39","US$	25,560.86"
WEEK 2,Monday,May 18,£	850.00,,,,£	(450.00),,,,,,,£	(200.00),"US$	10,000.00",US$	0.00,£	0.00,,"US$	1,858.00",£	836.10,,,,,,£	385.92,£	(64.28),£	450.00,£	68.97,£	(5.75),,£	250.00,,,,,"£	1,746.00",,US$	0.00,£	0.00,,,"£	1,938.11",£	(100.00),£	(100.00),£	200.00,US$	0.00,£	0.00,,"£	5,157.26","US$	11,460.58",,£	0.00,"US$	11,460.58","£	5,157.26","£	11,232.35","US$	24,960.78"
WEEK 2,Tuesday,May 19,£	850.00,,,,,,,,,,,,"US$	10,000.00",US$	0.00,£	0.00,,"US$	1,858.00",£	836.10,,,,,,£	321.64,£	(64.28),,£	63.21,£	(5.75),,£	250.00,,,,,"£	1,746.00",,US$	0.00,£	0.00,,,"£	1,938.11",,,,US$	0.00,£	0.00,,"£	5,157.26","US$	11,460.58",,£	0.00,"US$	11,460.58","£	5,157.26","£	11,162.32","US$	24,805.16"
WEEK 2,Wednesday,May 20,£	850.00,,,,,,,,,,,,"US$	10,000.00",US$	0.00,£	0.00,,US$	0.00,£	0.00,"US$	(1,858.00)",,,,,£	257.36,£	(64.28),,£	57.46,£	(5.75),,£	250.00,,,,,"£	1,746.00",,US$	0.00,£	0.00,,,"£	1,938.11",,,,US$	0.00,£	0.00,,"£	5,157.26","US$	11,460.58",,£	0.00,"US$	11,460.58","£	5,157.26","£	10,256.19","US$	22,791.53"
WEEK 2,Thursday,May 21,£	650.00,,,,£	(200.00),,,,,,,,"US$	10,000.00",US$	0.00,£	0.00,,US$	0.00,£	0.00,,,,,,£	393.08,£	(64.28),£	200.00,£	51.71,£	(5.75),,£	250.00,,,,,"£	1,746.00",,US$	0.00,£	0.00,,,"£	1,938.11",,,,US$	0.00,£	0.00,,"£	5,157.26","US$	11,460.58",,£	0.00,"US$	11,460.58","£	5,157.26","£	10,186.15","US$	22,635.90"
WEEK 2,Friday,May 22,£	650.00,,,,,,,,,,,,"US$	10,000.00",US$	0.00,£	0.00,,US$	0.00,£	0.00,,,,,,£	128.80,£	(264.28),,£	45.95,£	(5.75),,£	250.00,,,,,"£	1,746.00",,US$	0.00,£	0.00,,,"£	1,938.11",,,,US$	0.00,£	0.00,,"£	5,157.26","US$	11,460.58",,£	0.00,"US$	11,460.58","£	5,157.26","£	9,916.12","US$	22,035.83"
WEEK 2,Saturday,May 23,£	650.00,,,,,,,,,,,,"US$	10,000.00",US$	0.00,£	0.00,,US$	0.00,£	0.00,,,,,,£	64.52,£	(64.28),,£	40.20,£	(5.75),,£	250.00,,,,,"£	1,746.00",,US$	0.00,£	0.00,,,"£	1,938.11",,,,US$	0.00,£	0.00,,"£	5,157.26","US$	11,460.58",,£	0.00,"US$	11,460.58","£	5,157.26","£	9,846.09","US$	21,880.20"
WEEK 2,Sunday,May 24,£	650.00,,,,,,,,,,,,"US$	10,000.00",US$	0.00,£	0.00,,US$	0.00,£	0.00,,,,,,£	0.24,£	(64.28),,£	34.45,£	(5.75),,£	250.00,,,,,"£	1,746.00",,US$	0.00,£	0.00,,,"£	1,938.11",,,,US$	0.00,£	0.00,,"£	5,157.26","US$	11,460.58",,£	0.00,"US$	11,460.58","£	5,157.26","£	9,776.06","US$	21,724.57"
WEEK 1,Monday,May 25,£	(0.00),,,,£	(450.00),,,,,,,£	(200.00),"US$	10,000.00",US$	0.00,£	0.00,,US$	0.00,£	0.00,,,,,,£	385.96,£	(64.28),£	450.00,£	28.70,£	(5.75),,£	250.00,,,,,"£	1,746.00",,US$	0.00,£	0.00,,,"£	1,938.11",£	(100.00),£	(100.00),£	200.00,US$	0.00,£	0.00,,"£	5,157.26","US$	11,460.58",,£	0.00,"US$	11,460.58","£	5,157.26","£	9,506.02","US$	21,124.49"
WEEK 1,Tuesday,May 26,£	(0.00),,,,,,,,,,,,"US$	10,000.00",US$	0.00,£	0.00,,US$	0.00,£	0.00,,,,,,£	321.68,£	(64.28),,£	22.94,£	(5.75),,£	250.00,,,,,"£	1,746.00",,US$	0.00,£	0.00,,,"£	1,938.11",,,,US$	0.00,£	0.00,,"£	5,157.26","US$	11,460.58",,£	0.00,"US$	11,460.58","£	5,157.26","£	9,435.99","US$	20,968.87"
WEEK 1,Wednesday,May 27,£	(0.00),,,,,,,,,,,,"US$	10,000.00",US$	0.00,£	0.00,,US$	0.00,£	0.00,,,,,,£	257.40,£	(64.28),,£	17.19,£	(5.75),,£	250.00,,,,,"£	1,746.00",,US$	0.00,£	0.00,,,"£	1,938.11",,,,US$	0.00,£	0.00,,"£	5,157.26","US$	11,460.58",,£	0.00,"US$	11,460.58","£	5,157.26","£	9,365.96","US$	20,813.24"
WEEK 1,Thursday,May 28,£	(0.00),,,,,,,,,,,,"US$	10,000.00",US$	0.00,£	0.00,,US$	0.00,£	0.00,,,,,,£	193.12,£	(64.28),,£	11.44,£	(5.75),,£	250.00,,,,,"£	1,746.00",,US$	0.00,£	0.00,,,"£	1,938.11",,,,US$	0.00,£	0.00,,"£	5,157.26","US$	11,460.58",,£	0.00,"US$	11,460.58","£	5,157.26","£	9,295.92","US$	20,657.61"
WEEK 1,Friday,May 29,£	(0.00),,,,,,,,,,,,"US$	10,000.00",US$	0.00,£	0.00,,US$	0.00,£	0.00,,,,,,£	128.84,£	(64.28),,£	5.68,£	(5.75),,£	250.00,,,,,"£	1,746.00",,US$	0.00,£	0.00,,,"£	1,938.11",,,,US$	0.00,£	0.00,,"£	5,157.26","US$	11,460.58",,£	0.00,"US$	11,460.58","£	5,157.26","£	9,225.89","US$	20,501.98"
WEEK 1,Saturday,May 30,£	(0.00),,,,,,,,,,,,"US$	10,000.00",US$	0.00,£	0.00,,US$	0.00,£	0.00,,,,,,£	64.56,£	(64.28),,£	(0.07),£	(5.75),,£	0.00,,,£	(250.00),,"£	1,746.00",,US$	0.00,£	0.00,,,"£	1,938.11",,,,US$	0.00,£	0.00,,"£	5,157.26","US$	11,460.58",,£	0.00,"US$	11,460.58","£	5,157.26","£	8,905.86","US$	19,790.80"
WEEK 1,Sunday,May 31,"£	1,300.00","£	3,912.13",,"£	(1,334.30)",,£	(178.34),"£	(2,050.00)",£	950.51,,,,,"US$	10,000.00",US$	0.00,£	0.00,,"US$	2,965.10","£	1,334.30",,,,,"US$	2,965.10",£	0.28,£	(64.28),,£	172.52,£	(5.75),£	178.34,"£	2,050.00",,,,"£	2,050.00","£	1,746.00",,US$	0.00,£	0.00,,,"£	1,938.11",,,,US$	0.00,£	0.00,,"£	4,206.75","US$	9,348.33",,£	(950.51),"US$	9,348.33","£	4,206.75","£	12,747.96","US$	28,328.79"
WEEK 2,Monday,June 1,£	650.00,,,,£	(450.00),,,,,,,£	(200.00),"US$	10,000.00",US$	0.00,£	0.00,,"US$	6,123.00","£	2,755.35",,,,"US$	3,157.90",,£	386.00,£	(64.28),£	450.00,£	166.57,£	(5.94),,£	250.00,,"£	(1,800.00)",,,"£	1,746.00",,US$	0.00,£	0.00,,,"£	1,938.11",£	(100.00),£	(100.00),£	200.00,US$	0.00,£	0.00,,"£	4,206.75","US$	9,348.33",,£	0.00,"US$	9,348.33","£	4,206.75","£	12,098.79","US$	26,886.19"
WEEK 2,Tuesday,June 2,£	650.00,,,,,,,,,,,,"US$	10,000.00",US$	0.00,£	0.00,,"US$	6,123.00","£	2,755.35",,,,,,£	321.72,£	(64.28),,£	160.63,£	(5.94),,£	250.00,,,,,"£	1,746.00",,US$	0.00,£	0.00,,,"£	1,938.11",,,,US$	0.00,£	0.00,,"£	4,206.75","US$	9,348.33",,£	0.00,"US$	9,348.33","£	4,206.75","£	12,028.56","US$	26,730.14"
WEEK 2,Wednesday,June 3,£	650.00,,,,,,,,,,,,"US$	10,000.00",US$	0.00,£	0.00,,"US$	4,265.00","£	1,919.25","US$	(1,858.00)",,,,,£	257.44,£	(64.28),,£	154.68,£	(5.94),,£	250.00,,,,,"£	1,746.00",,US$	0.00,£	0.00,,,"£	1,938.11",,,,US$	0.00,£	0.00,,"£	4,206.75","US$	9,348.33",,£	0.00,"US$	9,348.33","£	4,206.75","£	11,122.24","US$	24,716.08"
WEEK 2,Thursday,June 4,£	650.00,,,,,,,,,,,,"US$	10,000.00",US$	0.00,£	0.00,,"US$	4,265.00","£	1,919.25",,,,,,£	193.16,£	(64.28),,£	148.74,£	(5.94),,£	250.00,,,,,"£	1,746.00",,US$	0.00,£	0.00,,,"£	1,938.11",,,,US$	0.00,£	0.00,,"£	4,206.75","US$	9,348.33",,£	0.00,"US$	9,348.33","£	4,206.75","£	11,052.01","US$	24,560.03"
WEEK 2,Friday,June 5,£	650.00,,,,,,,,,,,,"US$	10,000.00",US$	0.00,£	0.00,,"US$	4,265.00","£	1,919.25",,,,,,£	128.88,£	(64.28),,£	142.79,£	(5.94),,£	250.00,,,,,"£	1,746.00",,US$	0.00,£	0.00,,,"£	1,938.11",,,,US$	0.00,£	0.00,,"£	4,206.75","US$	9,348.33",,£	0.00,"US$	9,348.33","£	4,206.75","£	10,981.79","US$	24,403.97"
WEEK 2,Saturday,June 6,£	650.00,,,,,,,,,,,,"US$	10,000.00",US$	0.00,£	0.00,,"US$	4,265.00","£	1,919.25",,,,,,£	64.60,£	(64.28),,£	136.85,£	(5.94),,£	250.00,,,,,"£	1,746.00",,US$	0.00,£	0.00,,,"£	1,938.11",,,,US$	0.00,£	0.00,,"£	4,206.75","US$	9,348.33",,£	0.00,"US$	9,348.33","£	4,206.75","£	10,911.56","US$	24,247.92"
WEEK 2,Sunday,June 7,£	650.00,,,,,,,,,,,,"US$	10,000.00",US$	0.00,£	0.00,,"US$	4,265.00","£	1,919.25",,,,,,£	0.32,£	(64.28),,£	130.91,£	(5.94),,£	250.00,,,,,"£	1,746.00",,US$	0.00,£	0.00,,,"£	1,938.11",,,,US$	0.00,£	0.00,,"£	4,206.75","US$	9,348.33",,£	0.00,"US$	9,348.33","£	4,206.75","£	10,841.34","US$	24,091.86"
WEEK 1,Monday,June 8,£	0.00,,,,£	(450.00),,,,,,,£	(200.00),"US$	10,000.00",US$	0.00,£	0.00,,"US$	4,265.00","£	1,919.25",,,,,,£	386.04,£	(64.28),£	450.00,£	124.96,£	(5.94),,£	250.00,,,,,"£	1,746.00",,US$	0.00,£	0.00,,,"£	1,938.11",£	(100.00),£	(100.00),£	200.00,US$	0.00,£	0.00,,"£	4,206.75","US$	9,348.33",,£	0.00,"US$	9,348.33","£	4,206.75","£	10,571.11","US$	23,491.36"
WEEK 1,Tuesday,June 9,£	0.00,,,,,,,,,,,,"US$	10,000.00",US$	0.00,£	0.00,,"US$	4,265.00","£	1,919.25",,,,,,£	321.76,£	(64.28),,£	119.02,£	(5.94),,£	250.00,,,,,"£	1,746.00",,US$	0.00,£	0.00,,,"£	1,938.11",,,,US$	0.00,£	0.00,,"£	4,206.75","US$	9,348.33",,£	0.00,"US$	9,348.33","£	4,206.75","£	10,500.89","US$	23,335.31"
WEEK 1,Wednesday,June 10,£	0.00,,,,,,,,,,,,"US$	10,000.00",US$	0.00,£	0.00,,"US$	4,265.00","£	1,919.25",,,,,,£	257.48,£	(64.28),,£	113.07,£	(5.94),,£	250.00,,,,,"£	1,746.00",,US$	0.00,£	0.00,,,"£	1,938.11",,,,US$	0.00,£	0.00,,"£	4,206.75","US$	9,348.33",,£	0.00,"US$	9,348.33","£	4,206.75","£	10,430.66","US$	23,179.25"
WEEK 1,Thursday,June 11,£	0.00,,,,,,,,,,,,"US$	10,000.00",US$	0.00,£	0.00,,"US$	4,265.00","£	1,919.25",,,,,,£	193.20,£	(64.28),,£	107.13,£	(5.94),,£	250.00,,,,,"£	1,746.00",,US$	0.00,£	0.00,,,"£	1,938.11",,,,US$	0.00,£	0.00,,"£	4,206.75","US$	9,348.33",,£	0.00,"US$	9,348.33","£	4,206.75","£	10,360.44","US$	23,023.20"
WEEK 1,Friday,June 12,£	0.00,,,,,,,,,,,,"US$	10,000.00",US$	0.00,£	0.00,,"US$	4,265.00","£	1,919.25",,,,,,£	128.92,£	(64.28),,£	101.18,£	(5.94),,£	250.00,,,,,"£	1,746.00",,US$	0.00,£	0.00,,,"£	1,938.11",,,,US$	0.00,£	0.00,,"£	4,206.75","US$	9,348.33",,£	0.00,"US$	9,348.33","£	4,206.75","£	10,290.21","US$	22,867.14"
WEEK 1,Saturday,June 13,£	0.00,,,,,,,,,,,,"US$	10,000.00",US$	0.00,£	0.00,,"US$	4,265.00","£	1,919.25",,,,,,£	64.64,£	(64.28),,£	95.24,£	(5.94),,£	250.00,,,,,"£	1,746.00",,US$	0.00,£	0.00,,,"£	1,938.11",,,,US$	0.00,£	0.00,,"£	4,206.75","US$	9,348.33",,£	0.00,"US$	9,348.33","£	4,206.75","£	10,219.99","US$	22,711.09"
WEEK 1,Sunday,June 14,£	0.00,,,,,,,,,,,,"US$	10,000.00",US$	0.00,£	0.00,,"US$	4,265.00","£	1,919.25",,,,,,£	0.36,£	(64.28),,£	89.29,£	(5.94),,£	250.00,,,,,"£	1,746.00",,US$	0.00,£	0.00,,,"£	1,938.11",,,,US$	0.00,£	0.00,,"£	4,206.75","US$	9,348.33",,£	0.00,"US$	9,348.33","£	4,206.75","£	10,149.76","US$	22,555.03"
WEEK 2,Monday,June 15,"£	2,871.46","£	3,879.18",,,£	(450.00),,,£	(357.72),,,,£	(200.00),"US$	10,000.00",US$	0.00,£	0.00,,"US$	4,265.00","£	1,919.25",,,,,,£	386.08,£	(64.28),£	450.00,£	83.35,£	(5.94),,£	250.00,,,,,"£	1,746.00",,US$	0.00,£	0.00,,,"£	1,938.11",£	(100.00),£	(100.00),£	200.00,US$	0.00,£	0.00,,"£	4,564.47","US$	10,143.27",,£	357.72,"US$	10,143.27","£	4,564.47","£	13,758.72","US$	30,574.93"
WEEK 2,Tuesday,June 16,"£	2,871.46",,,,,,,,,,,,"US$	10,000.00",US$	0.00,£	0.00,,"US$	4,265.00","£	1,919.25",,,,,,£	321.80,£	(64.28),,£	77.40,£	(5.94),,£	250.00,,,,,"£	1,746.00",,US$	0.00,£	0.00,,,"£	1,938.11",,,,US$	0.00,£	0.00,,"£	4,564.47","US$	10,143.27",,£	0.00,"US$	10,143.27","£	4,564.47","£	13,688.50","US$	30,418.88"
WEEK 2,Wednesday,June 17,"£	2,871.46",,,,,,,,,,,,"US$	10,000.00",US$	0.00,£	0.00,,"US$	2,407.00","£	1,083.15","US$	(1,858.00)",,,,,£	257.52,£	(64.28),,£	71.46,£	(5.94),,£	250.00,,,,,"£	1,746.00",,US$	0.00,£	0.00,,,"£	1,938.11",,,,US$	0.00,£	0.00,,"£	4,564.47","US$	10,143.27",,£	0.00,"US$	10,143.27","£	4,564.47","£	12,782.17","US$	28,404.82"
WEEK 2,Thursday,June 18,"£	2,671.46",,,,£	(200.00),,,,,,,,"US$	10,000.00",US$	0.00,£	0.00,,"US$	2,407.00","£	1,083.15",,,,,,£	393.24,£	(64.28),£	200.00,£	65.51,£	(5.94),,£	250.00,,,,,"£	1,746.00",,US$	0.00,£	0.00,,,"£	1,938.11",,,,US$	0.00,£	0.00,,"£	4,564.47","US$	10,143.27",,£	0.00,"US$	10,143.27","£	4,564.47","£	12,711.95","US$	28,248.77"
WEEK 2,Friday,June 19,"£	2,671.46",,,,,,,,,,,,"US$	10,000.00",US$	0.00,£	0.00,,"US$	2,407.00","£	1,083.15",,,,,,£	128.96,£	(264.28),,£	59.57,£	(5.94),,£	250.00,,,,,"£	1,746.00",,US$	0.00,£	0.00,,,"£	1,938.11",,,,US$	0.00,£	0.00,,"£	4,564.47","US$	10,143.27",,£	0.00,"US$	10,143.27","£	4,564.47","£	12,441.72","US$	27,648.27"
WEEK 2,Saturday,June 20,"£	2,671.46",,,,,,,,,,,,"US$	10,000.00",US$	0.00,£	0.00,,"US$	2,407.00","£	1,083.15",,,,,,£	64.68,£	(64.28),,£	53.62,£	(5.94),,£	250.00,,,,,"£	1,746.00",,US$	0.00,£	0.00,,,"£	1,938.11",,,,US$	0.00,£	0.00,,"£	4,564.47","US$	10,143.27",,£	0.00,"US$	10,143.27","£	4,564.47","£	12,371.50","US$	27,492.22"
WEEK 2,Sunday,June 21,"£	2,671.46",,,,,,,,,,,,"US$	10,000.00",US$	0.00,£	0.00,,"US$	2,407.00","£	1,083.15",,,,,,£	0.40,£	(64.28),,£	47.68,£	(5.94),,£	250.00,,,,,"£	1,746.00",,US$	0.00,£	0.00,,,"£	1,938.11",,,,US$	0.00,£	0.00,,"£	4,564.47","US$	10,143.27",,£	0.00,"US$	10,143.27","£	4,564.47","£	12,301.27","US$	27,336.16"
WEEK 1,Monday,June 22,"£	2,021.46",,,,£	(450.00),,,,,,,£	(200.00),"US$	10,000.00",US$	0.00,£	0.00,,"US$	2,407.00","£	1,083.15",,,,,,£	386.12,£	(64.28),£	450.00,£	41.74,£	(5.94),,£	250.00,,,,,"£	1,746.00",,US$	0.00,£	0.00,,,"£	1,938.11",£	(100.00),£	(100.00),£	200.00,US$	0.00,£	0.00,,"£	4,564.47","US$	10,143.27",,£	0.00,"US$	10,143.27","£	4,564.47","£	12,031.05","US$	26,735.66"
WEEK 1,Tuesday,June 23,"£	2,021.46",,,,,,,,,,,,"US$	10,000.00",US$	0.00,£	0.00,,"US$	2,407.00","£	1,083.15",,,,,,£	321.84,£	(64.28),,£	35.79,£	(5.94),,£	250.00,,,,,"£	1,746.00",,US$	0.00,£	0.00,,,"£	1,938.11",,,,US$	0.00,£	0.00,,"£	4,564.47","US$	10,143.27",,£	0.00,"US$	10,143.27","£	4,564.47","£	11,960.82","US$	26,579.61"
WEEK 1,Wednesday,June 24,"£	2,021.46",,,,,,,,,,,,"US$	10,000.00",US$	0.00,£	0.00,,"US$	2,407.00","£	1,083.15",,,,,,£	257.56,£	(64.28),,£	29.85,£	(5.94),,£	250.00,,,,,"£	1,746.00",,US$	0.00,£	0.00,,,"£	1,938.11",,,,US$	0.00,£	0.00,,"£	4,564.47","US$	10,143.27",,£	0.00,"US$	10,143.27","£	4,564.47","£	11,890.60","US$	26,423.55"
WEEK 1,Thursday,June 25,"£	2,021.46",,,,,,,,,,,,"US$	10,000.00",US$	0.00,£	0.00,,"US$	2,407.00","£	1,083.15",,,,,,£	193.28,£	(64.28),,£	23.90,£	(5.94),,£	250.00,,,,,"£	1,746.00",,US$	0.00,£	0.00,,,"£	1,938.11",,,,US$	0.00,£	0.00,,"£	4,564.47","US$	10,143.27",,£	0.00,"US$	10,143.27","£	4,564.47","£	11,820.37","US$	26,267.50"
WEEK 1,Friday,June 26,"£	2,021.46",,,,,,,,,,,,"US$	10,000.00",US$	0.00,£	0.00,,"US$	2,407.00","£	1,083.15",,,,,,£	129.00,£	(64.28),,£	17.96,£	(5.94),,£	250.00,,,,,"£	1,746.00",,US$	0.00,£	0.00,,,"£	1,938.11",,,,US$	0.00,£	0.00,,"£	4,564.47","US$	10,143.27",,£	0.00,"US$	10,143.27","£	4,564.47","£	11,750.15","US$	26,111.44"
WEEK 1,Saturday,June 27,"£	2,021.46",,,,,,,,,,,,"US$	10,000.00",US$	0.00,£	0.00,,"US$	2,407.00","£	1,083.15",,,,,,£	64.72,£	(64.28),,£	12.01,£	(5.94),,£	250.00,,,,,"£	1,746.00",,US$	0.00,£	0.00,,,"£	1,938.11",,,,US$	0.00,£	0.00,,"£	4,564.47","US$	10,143.27",,£	0.00,"US$	10,143.27","£	4,564.47","£	11,679.92","US$	25,955.39"
WEEK 1,Sunday,June 28,£	650.01,,,"£	(1,371.46)",,,,,,,,,"US$	10,000.00",US$	0.00,£	0.00,,"US$	2,407.00","£	1,083.15",,,,,,£	0.44,£	(64.28),,£	6.07,£	(5.94),,£	250.00,,,,,"£	1,746.00",,US$	0.00,£	0.00,,,"£	1,938.11",,,,US$	0.00,£	0.00,,"£	4,564.47","US$	10,143.27",,£	0.00,"US$	10,143.27","£	4,564.47","£	10,238.24","US$	22,751.65"
WEEK 2,Monday,June 29,£	0.01,,,,£	(450.00),,,,,,,£	(200.00),"US$	10,000.00",US$	0.00,£	0.00,,"US$	2,407.00","£	1,083.15",,,,,,£	386.16,£	(64.28),£	450.00,£	0.12,£	(5.94),,£	0.00,,,£	(250.00),,"£	1,746.00",,US$	0.00,£	0.00,,,"£	1,938.11",£	(100.00),£	(100.00),£	200.00,US$	0.00,£	0.00,,"£	4,564.47","US$	10,143.27",,£	0.00,"US$	10,143.27","£	4,564.47","£	9,718.02","US$	21,595.60"
WEEK 2,Tuesday,June 30,"£	1,300.00","£	3,912.13",,,,£	(178.34),"£	(2,050.00)",£	(383.80),,,,,"US$	10,000.00",US$	0.00,£	0.00,,"US$	3,047.68","£	1,371.46",,,"US$	(2,407.00)",,"US$	3,047.68",£	321.88,£	(64.28),,£	172.52,£	(5.94),£	178.34,"£	2,050.00",,,,"£	2,050.00","£	1,746.00",,US$	0.00,£	0.00,,,"£	1,938.11",,,,US$	0.00,£	0.00,,"£	4,948.27","US$	10,996.16",,£	383.80,"US$	10,996.16","£	4,948.27","£	13,848.23","US$	30,773.84"
WEEK 2,Wednesday,July 1,"£	1,300.00",,,,,,,,,,,,"US$	10,000.00",US$	0.00,£	0.00,,"US$	3,716.00","£	1,672.20","US$	(1,858.00)",,,"US$	2,526.32",,£	257.60,£	(64.28),,£	166.77,£	(5.75),,£	250.00,,"£	(1,800.00)",,,"£	1,746.00",,US$	0.00,£	0.00,,,"£	1,938.11",,,,US$	0.00,£	0.00,,"£	4,948.27","US$	10,996.16",,£	0.00,"US$	10,996.16","£	4,948.27","£	12,278.94","US$	27,286.54"
WEEK 2,Thursday,July 2,"£	1,300.00",,,,,,,,,,,,"US$	10,000.00",US$	0.00,£	0.00,,"US$	3,716.00","£	1,672.20",,,,,,£	193.32,£	(64.28),,£	161.01,£	(5.75),,£	250.00,,,,,"£	1,746.00",,US$	0.00,£	0.00,,,"£	1,938.11",,,,US$	0.00,£	0.00,,"£	4,948.27","US$	10,996.16",,£	0.00,"US$	10,996.16","£	4,948.27","£	12,208.91","US$	27,130.91"
WEEK 2,Friday,July 3,"£	1,300.00",,,,,,,,,,,,"US$	10,000.00",US$	0.00,£	0.00,,"US$	3,716.00","£	1,672.20",,,,,,£	129.04,£	(64.28),,£	155.26,£	(5.75),,£	250.00,,,,,"£	1,746.00",,US$	0.00,£	0.00,,,"£	1,938.11",,,,US$	0.00,£	0.00,,"£	4,948.27","US$	10,996.16",,£	0.00,"US$	10,996.16","£	4,948.27","£	12,138.88","US$	26,975.28"
WEEK 2,Saturday,July 4,"£	1,300.00",,,,,,,,,,,,"US$	10,000.00",US$	0.00,£	0.00,,"US$	3,716.00","£	1,672.20",,,,,,£	64.76,£	(64.28),,£	149.51,£	(5.75),,£	250.00,,,,,"£	1,746.00",,US$	0.00,£	0.00,,,"£	1,938.11",,,,US$	0.00,£	0.00,,"£	4,948.27","US$	10,996.16",,£	0.00,"US$	10,996.16","£	4,948.27","£	12,068.84","US$	26,819.65"
WEEK 2,Sunday,July 5,"£	1,300.00",,,,,,,,,,,,"US$	10,000.00",US$	0.00,£	0.00,,"US$	3,716.00","£	1,672.20",,,,,,£	0.48,£	(64.28),,£	143.75,£	(5.75),,£	250.00,,,,,"£	1,746.00",,US$	0.00,£	0.00,,,"£	1,938.11",,,,US$	0.00,£	0.00,,"£	4,948.27","US$	10,996.16",,£	0.00,"US$	10,996.16","£	4,948.27","£	11,998.81","US$	26,664.02"
WEEK 1,Monday,July 6,£	650.00,,,,£	(450.00),,,,,,,£	(200.00),"US$	10,000.00",US$	0.00,£	0.00,,"US$	3,716.00","£	1,672.20",,,,,,£	386.20,£	(64.28),£	450.00,£	138.00,£	(5.75),,£	250.00,,,,,"£	1,746.00",,US$	0.00,£	0.00,,,"£	1,938.11",£	(100.00),£	(100.00),£	200.00,US$	0.00,£	0.00,,"£	4,948.27","US$	10,996.16",,£	0.00,"US$	10,996.16","£	4,948.27","£	11,728.78","US$	26,063.95"
WEEK 1,Tuesday,July 7,£	650.00,,,,,,,,,,,,"US$	10,000.00",US$	0.00,£	0.00,,"US$	3,716.00","£	1,672.20",,,,,,£	321.92,£	(64.28),,£	132.25,£	(5.75),,£	250.00,,,,,"£	1,746.00",,US$	0.00,£	0.00,,,"£	1,938.11",,,,US$	0.00,£	0.00,,"£	4,948.27","US$	10,996.16",,£	0.00,"US$	10,996.16","£	4,948.27","£	11,658.74","US$	25,908.32"
WEEK 1,Wednesday,July 8,£	650.00,,,,,,,,,,,,"US$	10,000.00",US$	0.00,£	0.00,,"US$	3,716.00","£	1,672.20",,,,,,£	257.64,£	(64.28),,£	126.50,£	(5.75),,£	250.00,,,,,"£	1,746.00",,US$	0.00,£	0.00,,,"£	1,938.11",,,,US$	0.00,£	0.00,,"£	4,948.27","US$	10,996.16",,£	0.00,"US$	10,996.16","£	4,948.27","£	11,588.71","US$	25,752.69"
WEEK 1,Thursday,July 9,£	650.00,,,,,,,,,,,,"US$	10,000.00",US$	0.00,£	0.00,,"US$	3,716.00","£	1,672.20",,,,,,£	193.36,£	(64.28),,£	120.74,£	(5.75),,£	250.00,,,,,"£	1,746.00",,US$	0.00,£	0.00,,,"£	1,938.11",,,,US$	0.00,£	0.00,,"£	4,948.27","US$	10,996.16",,£	0.00,"US$	10,996.16","£	4,948.27","£	11,518.68","US$	25,597.06"
WEEK 1,Friday,July 10,£	650.00,,,,,,,,,,,,"US$	10,000.00",US$	0.00,£	0.00,,"US$	3,716.00","£	1,672.20",,,,,,£	129.08,£	(64.28),,£	114.99,£	(5.75),,£	250.00,,,,,"£	1,746.00",,US$	0.00,£	0.00,,,"£	1,938.11",,,,US$	0.00,£	0.00,,"£	4,948.27","US$	10,996.16",,£	0.00,"US$	10,996.16","£	4,948.27","£	11,448.65","US$	25,441.43"
WEEK 1,Saturday,July 11,£	650.00,,,,,,,,,,,,"US$	10,000.00",US$	0.00,£	0.00,,"US$	3,716.00","£	1,672.20",,,,,,£	64.80,£	(64.28),,£	109.24,£	(5.75),,£	250.00,,,,,"£	1,746.00",,US$	0.00,£	0.00,,,"£	1,938.11",,,,US$	0.00,£	0.00,,"£	4,948.27","US$	10,996.16",,£	0.00,"US$	10,996.16","£	4,948.27","£	11,378.61","US$	25,285.81"
WEEK 1,Sunday,July 12,£	650.00,,,,,,,,,,,,"US$	10,000.00",US$	0.00,£	0.00,,"US$	3,716.00","£	1,672.20",,,,,,£	0.52,£	(64.28),,£	103.48,£	(5.75),,£	250.00,,,,,"£	1,746.00",,US$	0.00,£	0.00,,,"£	1,938.11",,,,US$	0.00,£	0.00,,"£	4,948.27","US$	10,996.16",,£	0.00,"US$	10,996.16","£	4,948.27","£	11,308.58","US$	25,130.18"
WEEK 2,Monday,July 13,£	(0.00),,,,£	(450.00),,,,,,,£	(200.00),"US$	10,000.00",US$	0.00,£	0.00,,"US$	3,716.00","£	1,672.20",,,,,,£	386.24,£	(64.28),£	450.00,£	97.73,£	(5.75),,£	250.00,,,,,"£	1,746.00",,US$	0.00,£	0.00,,,"£	1,938.11",£	(100.00),£	(100.00),£	200.00,US$	0.00,£	0.00,,"£	4,948.27","US$	10,996.16",,£	0.00,"US$	10,996.16","£	4,948.27","£	11,038.55","US$	24,530.10"
WEEK 2,Tuesday,July 14,£	(0.00),,,,,,,,,,,,"US$	10,000.00",US$	0.00,£	0.00,,"US$	3,716.00","£	1,672.20",,,,,,£	321.96,£	(64.28),,£	91.98,£	(5.75),,£	250.00,,,,,"£	1,746.00",,US$	0.00,£	0.00,,,"£	1,938.11",,,,US$	0.00,£	0.00,,"£	4,948.27","US$	10,996.16",,£	0.00,"US$	10,996.16","£	4,948.27","£	10,968.51","US$	24,374.47"
WEEK 2,Wednesday,July 15,"£	1,500.00","£	3,879.18",,,,,,"£	(2,379.18)",,,,,"US$	10,000.00",US$	0.00,£	0.00,,"US$	1,858.00",£	836.10,"US$	(1,858.00)",,,,,£	257.68,£	(64.28),,£	86.22,£	(5.75),,£	250.00,,,,,"£	1,746.00",,US$	0.00,£	0.00,,,"£	1,938.11",,,,US$	0.00,£	0.00,,"£	7,327.45","US$	16,283.22",,"£	2,379.18","US$	16,283.22","£	7,327.45","£	13,941.56","US$	30,981.25"
WEEK 2,Thursday,July 16,"£	1,300.00",,,,£	(200.00),,,,,,,,"US$	10,000.00",US$	0.00,£	0.00,,"US$	1,858.00",£	836.10,,,,,,£	393.40,£	(64.28),£	200.00,£	80.47,£	(5.75),,£	250.00,,,,,"£	1,746.00",,US$	0.00,£	0.00,,,"£	1,938.11",,,,US$	0.00,£	0.00,,"£	7,327.45","US$	16,283.22",,£	0.00,"US$	16,283.22","£	7,327.45","£	13,871.53","US$	30,825.62"
WEEK 2,Friday,July 17,"£	1,300.00",,,,,,,,,,,,"US$	10,000.00",US$	0.00,£	0.00,,"US$	1,858.00",£	836.10,,,,,,£	129.12,£	(264.28),,£	74.72,£	(5.75),,£	250.00,,,,,"£	1,746.00",,US$	0.00,£	0.00,,,"£	1,938.11",,,,US$	0.00,£	0.00,,"£	7,327.45","US$	16,283.22",,£	0.00,"US$	16,283.22","£	7,327.45","£	13,601.49","US$	30,225.54"
WEEK 2,Saturday,July 18,"£	1,300.00",,,,,,,,,,,,"US$	10,000.00",US$	0.00,£	0.00,,"US$	1,858.00",£	836.10,,,,,,£	64.84,£	(64.28),,£	68.97,£	(5.75),,£	250.00,,,,,"£	1,746.00",,US$	0.00,£	0.00,,,"£	1,938.11",,,,US$	0.00,£	0.00,,"£	7,327.45","US$	16,283.22",,£	0.00,"US$	16,283.22","£	7,327.45","£	13,531.46","US$	30,069.92"
WEEK 2,Sunday,July 19,"£	1,300.00",,,,,,,,,,,,"US$	10,000.00",US$	0.00,£	0.00,,"US$	1,858.00",£	836.10,,,,,,£	0.56,£	(64.28),,£	63.21,£	(5.75),,£	250.00,,,,,"£	1,746.00",,US$	0.00,£	0.00,,,"£	1,938.11",,,,US$	0.00,£	0.00,,"£	7,327.45","US$	16,283.22",,£	0.00,"US$	16,283.22","£	7,327.45","£	13,461.43","US$	29,914.29"
WEEK 1,Monday,July 20,£	650.00,,,,£	(450.00),,,,,,,£	(200.00),"US$	10,000.00",US$	0.00,£	0.00,,"US$	1,858.00",£	836.10,,,,,,£	386.28,£	(64.28),£	450.00,£	57.46,£	(5.75),,£	250.00,,,,,"£	1,746.00",,US$	0.00,£	0.00,,,"£	1,938.11",£	(100.00),£	(100.00),£	200.00,US$	0.00,£	0.00,,"£	7,327.45","US$	16,283.22",,£	0.00,"US$	16,283.22","£	7,327.45","£	13,191.40","US$	29,314.21"
WEEK 1,Tuesday,July 21,£	650.00,,,,,,,,,,,,"US$	10,000.00",US$	0.00,£	0.00,,"US$	1,858.00",£	836.10,,,,,,£	322.00,£	(64.28),,£	51.71,£	(5.75),,£	250.00,,,,,"£	1,746.00",,US$	0.00,£	0.00,,,"£	1,938.11",,,,US$	0.00,£	0.00,,"£	7,327.45","US$	16,283.22",,£	0.00,"US$	16,283.22","£	7,327.45","£	13,121.36","US$	29,158.59"
WEEK 1,Wednesday,July 22,£	650.00,,,,,,,,,,,,"US$	10,000.00",US$	0.00,£	0.00,,"US$	1,858.00",£	836.10,,,,,,£	257.72,£	(64.28),,£	45.95,£	(5.75),,£	250.00,,,,,"£	1,746.00",,US$	0.00,£	0.00,,,"£	1,938.11",,,,US$	0.00,£	0.00,,"£	7,327.45","US$	16,283.22",,£	0.00,"US$	16,283.22","£	7,327.45","£	13,051.33","US$	29,002.96"
WEEK 1,Thursday,July 23,£	650.00,,,,,,,,,,,,"US$	10,000.00",US$	0.00,£	0.00,,"US$	1,858.00",£	836.10,,,,,,£	193.44,£	(64.28),,£	40.20,£	(5.75),,£	250.00,,,,,"£	1,746.00",,US$	0.00,£	0.00,,,"£	1,938.11",,,,US$	0.00,£	0.00,,"£	7,327.45","US$	16,283.22",,£	0.00,"US$	16,283.22","£	7,327.45","£	12,981.30","US$	28,847.33"
WEEK 1,Friday,July 24,£	650.00,,,,,,,,,,,,"US$	10,000.00",US$	0.00,£	0.00,,"US$	1,858.00",£	836.10,,,,,,£	129.16,£	(64.28),,£	34.45,£	(5.75),,£	250.00,,,,,"£	1,746.00",,US$	0.00,£	0.00,,,"£	1,938.11",,,,US$	0.00,£	0.00,,"£	7,327.45","US$	16,283.22",,£	0.00,"US$	16,283.22","£	7,327.45","£	12,911.26","US$	28,691.70"
WEEK 1,Saturday,July 25,£	650.00,,,,,,,,,,,,"US$	10,000.00",US$	0.00,£	0.00,,"US$	1,858.00",£	836.10,,,,,,£	64.88,£	(64.28),,£	28.70,£	(5.75),,£	250.00,,,,,"£	1,746.00",,US$	0.00,£	0.00,,,"£	1,938.11",,,,US$	0.00,£	0.00,,"£	7,327.45","US$	16,283.22",,£	0.00,"US$	16,283.22","£	7,327.45","£	12,841.23","US$	28,536.07"
WEEK 1,Sunday,July 26,£	650.00,,,,,,,,,,,,"US$	10,000.00",US$	0.00,£	0.00,,"US$	1,858.00",£	836.10,,,,,,£	0.60,£	(64.28),,£	22.94,£	(5.75),,£	250.00,,,,,"£	1,746.00",,US$	0.00,£	0.00,,,"£	1,938.11",,,,US$	0.00,£	0.00,,"£	7,327.45","US$	16,283.22",,£	0.00,"US$	16,283.22","£	7,327.45","£	12,771.20","US$	28,380.44"
WEEK 2,Monday,July 27,£	(0.00),,,,£	(450.00),,,,,,,£	(200.00),"US$	10,000.00",US$	0.00,£	0.00,,"US$	1,858.00",£	836.10,,,,,,£	386.32,£	(64.28),£	450.00,£	17.19,£	(5.75),,£	250.00,,,,,"£	1,746.00",,US$	0.00,£	0.00,,,"£	1,938.11",£	(100.00),£	(100.00),£	200.00,US$	0.00,£	0.00,,"£	7,327.45","US$	16,283.22",,£	0.00,"US$	16,283.22","£	7,327.45","£	12,501.17","US$	27,780.37"
WEEK 2,Tuesday,July 28,£	(0.00),,,,,,,,,,,,"US$	10,000.00",US$	0.00,£	0.00,,"US$	1,858.00",£	836.10,,,,,,£	322.04,£	(64.28),,£	11.44,£	(5.75),,£	250.00,,,,,"£	1,746.00",,US$	0.00,£	0.00,,,"£	1,938.11",,,,US$	0.00,£	0.00,,"£	7,327.45","US$	16,283.22",,£	0.00,"US$	16,283.22","£	7,327.45","£	12,431.13","US$	27,624.74"
WEEK 2,Wednesday,July 29,£	(0.00),,,,,,,,,,,,"US$	10,000.00",US$	0.00,£	0.00,,US$	0.00,£	0.00,"US$	(1,858.00)",,,,,£	257.76,£	(64.28),,£	5.68,£	(5.75),,£	250.00,,,,,"£	1,746.00",,US$	0.00,£	0.00,,,"£	1,938.11",,,,US$	0.00,£	0.00,,"£	7,327.45","US$	16,283.22",,£	0.00,"US$	16,283.22","£	7,327.45","£	11,525.00","US$	25,611.11"
WEEK 2,Thursday,July 30,£	(0.00),,,,,,,,,,,,"US$	10,000.00",US$	0.00,£	0.00,,US$	0.00,£	0.00,,,,,,£	193.48,£	(64.28),,£	(0.07),£	(5.75),,£	0.00,,,£	(250.00),,"£	1,746.00",,US$	0.00,£	0.00,,,"£	1,938.11",,,,US$	0.00,£	0.00,,"£	7,327.45","US$	16,283.22",,£	0.00,"US$	16,283.22","£	7,327.45","£	11,204.97","US$	24,899.93"
WEEK 2,Friday,July 31,"£	1,500.00","£	3,912.13",,£	(837.77),,£	(178.34),"£	(2,050.00)",£	653.98,,,,,"US$	10,000.00",US$	0.00,£	0.00,,"US$	1,861.71",£	837.77,,,,,"US$	1,861.71",£	129.20,£	(64.28),,£	172.52,£	(5.75),£	178.34,"£	2,050.00",,,,"£	2,050.00","£	1,746.00",,US$	0.00,£	0.00,,,"£	1,938.11",,,,US$	0.00,£	0.00,,"£	2,923.47","US$	6,496.60","£	(3,750.00)",£	(653.98),"US$	6,496.60","£	2,923.47","£	11,297.06","US$	25,104.59"
WEEK 2,Saturday,August 1,"£	1,500.00",,,,,,,,,,,,"US$	10,000.00",US$	0.00,£	0.00,,"US$	4,388.03","£	1,974.61",,,,"US$	2,526.32",,£	64.92,£	(64.28),,£	166.77,£	(5.75),,£	250.00,,"£	(1,800.00)",,,"£	1,746.00",,US$	0.00,£	0.00,,,"£	1,938.11",,,,US$	0.00,£	0.00,,"£	1,923.47","US$	4,274.38","£	(1,000.00)",£	0.00,"US$	4,274.38","£	1,923.47","£	9,563.88","US$	21,253.06"
WEEK 2,Sunday,August 2,"£	1,500.00",,,,,,,,,,,,"US$	10,000.00",US$	0.00,£	0.00,,"US$	4,388.03","£	1,974.61",,,,,,£	0.64,£	(64.28),,£	161.01,£	(5.75),,£	250.00,,,,,"£	1,746.00",,US$	0.00,£	0.00,,,"£	1,938.11",,,,US$	0.00,£	0.00,,"£	1,923.47","US$	4,274.38",,£	0.00,"US$	4,274.38","£	1,923.47","£	9,493.84","US$	21,097.43"
WEEK 1,Monday,August 3,£	850.00,,,,£	(450.00),,,,,,,£	(200.00),"US$	10,000.00",US$	0.00,£	0.00,,"US$	4,388.03","£	1,974.61",,,,,,£	386.36,£	(64.28),£	450.00,£	155.26,£	(5.75),,£	250.00,,,,,"£	1,746.00",,US$	0.00,£	0.00,,,"£	1,938.11",£	(100.00),£	(100.00),£	200.00,US$	0.00,£	0.00,,"£	1,923.47","US$	4,274.38",,£	0.00,"US$	4,274.38","£	1,923.47","£	9,223.81","US$	20,497.35"
WEEK 1,Tuesday,August 4,£	850.00,,,,,,,,,,,,"US$	10,000.00",US$	0.00,£	0.00,,"US$	4,388.03","£	1,974.61",,,,,,£	322.08,£	(64.28),,£	149.51,£	(5.75),,£	250.00,,,,,"£	1,746.00",,US$	0.00,£	0.00,,,"£	1,938.11",,,,US$	0.00,£	0.00,,"£	1,923.47","US$	4,274.38",,£	0.00,"US$	4,274.38","£	1,923.47","£	9,153.78","US$	20,341.73"
WEEK 1,Wednesday,August 5,£	850.00,,,,,,,,,,,,"US$	10,000.00",US$	0.00,£	0.00,,"US$	4,388.03","£	1,974.61",,,,,,£	257.80,£	(64.28),,£	143.75,£	(5.75),,£	250.00,,,,,"£	1,746.00",,US$	0.00,£	0.00,,,"£	1,938.11",,,,US$	0.00,£	0.00,,"£	1,923.47","US$	4,274.38",,£	0.00,"US$	4,274.38","£	1,923.47","£	9,083.74","US$	20,186.10"
WEEK 1,Thursday,August 6,£	850.00,,,,,,,,,,,,"US$	10,000.00",US$	0.00,£	0.00,,"US$	4,388.03","£	1,974.61",,,,,,£	193.52,£	(64.28),,£	138.00,£	(5.75),,£	250.00,,,,,"£	1,746.00",,US$	0.00,£	0.00,,,"£	1,938.11",,,,US$	0.00,£	0.00,,"£	1,923.47","US$	4,274.38",,£	0.00,"US$	4,274.38","£	1,923.47","£	9,013.71","US$	20,030.47"
WEEK 1,Friday,August 7,£	850.00,,,,,,,,,,,,"US$	10,000.00",US$	0.00,£	0.00,,"US$	4,388.03","£	1,974.61",,,,,,£	129.24,£	(64.28),,£	132.25,£	(5.75),,£	250.00,,,,,"£	1,746.00",,US$	0.00,£	0.00,,,"£	1,938.11",,,,US$	0.00,£	0.00,,"£	1,923.47","US$	4,274.38",,£	0.00,"US$	4,274.38","£	1,923.47","£	8,943.68","US$	19,874.84"
WEEK 1,Saturday,August 8,£	850.00,,,,,,,,,,,,"US$	10,000.00",US$	0.00,£	0.00,,"US$	4,388.03","£	1,974.61",,,,,,£	64.96,£	(64.28),,£	126.50,£	(5.75),,£	250.00,,,,,"£	1,746.00",,US$	0.00,£	0.00,,,"£	1,938.11",,,,US$	0.00,£	0.00,,"£	1,923.47","US$	4,274.38",,£	0.00,"US$	4,274.38","£	1,923.47","£	8,873.65","US$	19,719.21"
WEEK 1,Sunday,August 9,£	850.00,,,,,,,,,,,,"US$	10,000.00",US$	0.00,£	0.00,,"US$	4,388.03","£	1,974.61",,,,,,£	0.68,£	(64.28),,£	120.74,£	(5.75),,£	250.00,,,,,"£	1,746.00",,US$	0.00,£	0.00,,,"£	1,938.11",,,,US$	0.00,£	0.00,,"£	1,923.47","US$	4,274.38",,£	0.00,"US$	4,274.38","£	1,923.47","£	8,803.61","US$	19,563.58"
WEEK 2,Monday,August 10,£	200.00,,,,£	(450.00),,,,,,,£	(200.00),"US$	10,000.00",US$	0.00,£	0.00,,"US$	4,388.03","£	1,974.61",,,,,,£	386.40,£	(64.28),£	450.00,£	114.99,£	(5.75),,£	250.00,,,,,"£	1,746.00",,US$	0.00,£	0.00,,,"£	1,938.11",£	(100.00),£	(100.00),£	200.00,US$	0.00,£	0.00,,"£	1,123.47","US$	2,496.60",£	(800.00),£	0.00,"US$	2,496.60","£	1,123.47","£	7,733.58","US$	17,185.73"
WEEK 2,Tuesday,August 11,£	200.00,,,,,,,,,,,,"US$	10,000.00",US$	0.00,£	0.00,,"US$	4,388.03","£	1,974.61",,,,,,£	322.12,£	(64.28),,£	109.24,£	(5.75),,£	250.00,,,,,"£	1,746.00",,US$	0.00,£	0.00,,,"£	1,938.11",,,,US$	0.00,£	0.00,,"£	1,123.47","US$	2,496.60",,£	0.00,"US$	2,496.60","£	1,123.47","£	7,663.55","US$	17,030.10"
WEEK 2,Wednesday,August 12,£	200.00,,,,,,,,,,,,"US$	10,000.00",US$	0.00,£	0.00,,"US$	2,530.03","£	1,138.51","US$	(1,858.00)",,,,,£	257.84,£	(64.28),,£	103.48,£	(5.75),,£	250.00,,,,,"£	1,746.00",,US$	0.00,£	0.00,,,"£	1,938.11",,,,US$	0.00,£	0.00,,"£	1,123.47","US$	2,496.60",,£	0.00,"US$	2,496.60","£	1,123.47","£	6,757.41","US$	15,016.47"
WEEK 2,Thursday,August 13,£	(0.00),,,,£	(200.00),,,,,,,,"US$	10,000.00",US$	0.00,£	0.00,,"US$	2,530.03","£	1,138.51",,,,,,£	393.56,£	(64.28),£	200.00,£	97.73,£	(5.75),,£	250.00,,,,,"£	1,746.00",,US$	0.00,£	0.00,,,"£	1,938.11",,,,US$	0.00,£	0.00,,"£	1,123.47","US$	2,496.60",,£	0.00,"US$	2,496.60","£	1,123.47","£	6,687.38","US$	14,860.85"
WEEK 2,Friday,August 14,£	(0.00),,,,,,,,,,,,"US$	10,000.00",US$	0.00,£	0.00,,"US$	2,530.03","£	1,138.51",,,,,,£	129.28,£	(264.28),,£	91.98,£	(5.75),,£	250.00,,,,,"£	1,746.00",,US$	0.00,£	0.00,,,"£	1,938.11",,,,US$	0.00,£	0.00,,"£	1,123.47","US$	2,496.60",,£	0.00,"US$	2,496.60","£	1,123.47","£	6,417.35","US$	14,260.77"
WEEK 2,Saturday,August 15,"£	1,300.00","£	3,879.18",,,,,,"£	(2,579.18)",,,,,"US$	10,000.00",US$	0.00,£	0.00,,"US$	1,858.00",£	836.10,,US$	(672.03),,,,£	65.00,£	(64.28),,£	86.22,£	(5.75),,£	250.00,,,,,"£	1,746.00",,US$	0.00,£	0.00,,,"£	1,938.11",,,,US$	0.00,£	0.00,,"£	3,702.65","US$	8,228.11",,"£	2,579.18","US$	8,228.11","£	3,702.65","£	9,924.08","US$	22,053.51"
WEEK 2,Sunday,August 16,"£	1,300.00",,,,,,,,,,,,"US$	10,000.00",US$	0.00,£	0.00,,"US$	1,858.00",£	836.10,,,,,,£	0.72,£	(64.28),,£	80.47,£	(5.75),,£	250.00,,,,,"£	1,746.00",,US$	0.00,£	0.00,,,"£	1,938.11",,,,US$	0.00,£	0.00,,"£	3,702.65","US$	8,228.11",,£	0.00,"US$	8,228.11","£	3,702.65","£	9,854.05","US$	21,897.89"
WEEK 1,Monday,August 17,£	650.00,,,,£	(450.00),,,,,,,£	(200.00),"US$	10,000.00",US$	0.00,£	0.00,,"US$	1,858.00",£	836.10,,,,,,£	386.44,£	(64.28),£	450.00,£	74.72,£	(5.75),,£	250.00,,,,,"£	1,746.00",,US$	0.00,£	0.00,,,"£	1,938.11",£	(100.00),£	(100.00),£	200.00,US$	0.00,£	0.00,,"£	3,702.65","US$	8,228.11",,£	0.00,"US$	8,228.11","£	3,702.65","£	9,584.02","US$	21,297.81"
WEEK 1,Tuesday,August 18,£	650.00,,,,,,,,,,,,"US$	10,000.00",US$	0.00,£	0.00,,"US$	1,858.00",£	836.10,,,,,,£	322.16,£	(64.28),,£	68.97,£	(5.75),,£	250.00,,,,,"£	1,746.00",,US$	0.00,£	0.00,,,"£	1,938.11",,,,US$	0.00,£	0.00,,"£	3,702.65","US$	8,228.11",,£	0.00,"US$	8,228.11","£	3,702.65","£	9,513.98","US$	21,142.18"
WEEK 1,Wednesday,August 19,£	650.00,,,,,,,,,,,,"US$	10,000.00",US$	0.00,£	0.00,,"US$	1,858.00",£	836.10,,,,,,£	257.88,£	(64.28),,£	63.21,£	(5.75),,£	250.00,,,,,"£	1,746.00",,US$	0.00,£	0.00,,,"£	1,938.11",,,,US$	0.00,£	0.00,,"£	3,702.65","US$	8,228.11",,£	0.00,"US$	8,228.11","£	3,702.65","£	9,443.95","US$	20,986.55"
WEEK 1,Thursday,August 20,£	650.00,,,,,,,,,,,,"US$	10,000.00",US$	0.00,£	0.00,,"US$	1,858.00",£	836.10,,,,,,£	193.60,£	(64.28),,£	57.46,£	(5.75),,£	250.00,,,,,"£	1,746.00",,US$	0.00,£	0.00,,,"£	1,938.11",,,,US$	0.00,£	0.00,,"£	3,702.65","US$	8,228.11",,£	0.00,"US$	8,228.11","£	3,702.65","£	9,373.92","US$	20,830.93"
WEEK 1,Friday,August 21,£	650.00,,,,,,,,,,,,"US$	10,000.00",US$	0.00,£	0.00,,"US$	1,858.00",£	836.10,,,,,,£	129.32,£	(64.28),,£	51.71,£	(5.75),,£	250.00,,,,,"£	1,746.00",,US$	0.00,£	0.00,,,"£	1,938.11",,,,US$	0.00,£	0.00,,"£	3,702.65","US$	8,228.11",,£	0.00,"US$	8,228.11","£	3,702.65","£	9,303.88","US$	20,675.30"
WEEK 1,Saturday,August 22,£	650.00,,,,,,,,,,,,"US$	10,000.00",US$	0.00,£	0.00,,"US$	1,858.00",£	836.10,,,,,,£	65.04,£	(64.28),,£	45.95,£	(5.75),,£	250.00,,,,,"£	1,746.00",,US$	0.00,£	0.00,,,"£	1,938.11",,,,US$	0.00,£	0.00,,"£	3,702.65","US$	8,228.11",,£	0.00,"US$	8,228.11","£	3,702.65","£	9,233.85","US$	20,519.67"
WEEK 1,Sunday,August 23,£	650.00,,,,,,,,,,,,"US$	10,000.00",US$	0.00,£	0.00,,"US$	1,858.00",£	836.10,,,,,,£	0.76,£	(64.28),,£	40.20,£	(5.75),,£	250.00,,,,,"£	1,746.00",,US$	0.00,£	0.00,,,"£	1,938.11",,,,US$	0.00,£	0.00,,"£	3,702.65","US$	8,228.11",,£	0.00,"US$	8,228.11","£	3,702.65","£	9,163.82","US$	20,364.04"
WEEK 2,Monday,August 24,£	(0.00),,,,£	(450.00),,,,,,,£	(200.00),"US$	10,000.00",US$	0.00,£	0.00,,"US$	1,858.00",£	836.10,,,,,,£	386.48,£	(64.28),£	450.00,£	34.45,£	(5.75),,£	250.00,,,,,"£	1,746.00",,US$	0.00,£	0.00,,,"£	1,938.11",£	(100.00),£	(100.00),£	200.00,US$	0.00,£	0.00,,"£	3,702.65","US$	8,228.11",,£	0.00,"US$	8,228.11","£	3,702.65","£	8,893.79","US$	19,763.97"
WEEK 2,Tuesday,August 25,£	(0.00),,,,,,,,,,,,"US$	10,000.00",US$	0.00,£	0.00,,"US$	1,858.00",£	836.10,,,,,,£	322.20,£	(64.28),,£	28.70,£	(5.75),,£	250.00,,,,,"£	1,746.00",,US$	0.00,£	0.00,,,"£	1,938.11",,,,US$	0.00,£	0.00,,"£	3,702.65","US$	8,228.11",,£	0.00,"US$	8,228.11","£	3,702.65","£	8,823.75","US$	19,608.34"
WEEK 2,Wednesday,August 26,£	(0.00),,,,,,,,,,,,"US$	10,000.00",US$	0.00,£	0.00,,US$	0.00,£	0.00,"US$	(1,858.00)",,,,,£	257.92,£	(64.28),,£	22.94,£	(5.75),,£	250.00,,,,,"£	1,746.00",,US$	0.00,£	0.00,,,"£	1,938.11",,,,US$	0.00,£	0.00,,"£	3,702.65","US$	8,228.11",,£	0.00,"US$	8,228.11","£	3,702.65","£	7,917.62","US$	17,594.71"
WEEK 2,Thursday,August 27,£	(0.00),,,,,,,,,,,,"US$	10,000.00",US$	0.00,£	0.00,,US$	0.00,£	0.00,,,,,,£	193.64,£	(64.28),,£	17.19,£	(5.75),,£	250.00,,,,,"£	1,746.00",,US$	0.00,£	0.00,,,"£	1,938.11",,,,US$	0.00,£	0.00,,"£	3,702.65","US$	8,228.11",,£	0.00,"US$	8,228.11","£	3,702.65","£	7,847.59","US$	17,439.08"
WEEK 2,Friday,August 28,£	(0.00),,,,,,,,,,,,"US$	10,000.00",US$	0.00,£	0.00,,US$	0.00,£	0.00,,,,,,£	129.36,£	(64.28),,£	11.44,£	(5.75),,£	250.00,,,,,"£	1,746.00",,US$	0.00,£	0.00,,,"£	1,938.11",,,,US$	0.00,£	0.00,,"£	3,702.65","US$	8,228.11",,£	0.00,"US$	8,228.11","£	3,702.65","£	7,777.55","US$	17,283.45"
WEEK 2,Saturday,August 29,£	(0.00),,,,,,,,,,,,"US$	10,000.00",US$	0.00,£	0.00,,US$	0.00,£	0.00,,,,,,£	65.08,£	(64.28),,£	5.68,£	(5.75),,£	250.00,,,,,"£	1,746.00",,US$	0.00,£	0.00,,,"£	1,938.11",,,,US$	0.00,£	0.00,,"£	3,702.65","US$	8,228.11",,£	0.00,"US$	8,228.11","£	3,702.65","£	7,707.52","US$	17,127.82"
WEEK 2,Sunday,August 30,£	(0.00),,,,,,,,,,,,"US$	10,000.00",US$	0.00,£	0.00,,US$	0.00,£	0.00,,,,,,£	0.80,£	(64.28),,£	(0.07),£	(5.75),,£	0.00,,,£	(250.00),,"£	1,746.00",,US$	0.00,£	0.00,,,"£	1,938.11",,,,US$	0.00,£	0.00,,"£	3,702.65","US$	8,228.11",,£	0.00,"US$	8,228.11","£	3,702.65","£	7,387.49","US$	16,416.64"
WEEK 1,Monday,August 31,"£	2,850.00","£	3,912.13",,£	(251.15),£	(450.00),£	(178.34),"£	(2,050.00)","£	2,067.36",,,,£	(200.00),"US$	10,000.00",US$	0.00,£	0.00,,US$	558.10,£	251.15,,,,,US$	558.10,£	386.52,£	(64.28),£	450.00,£	172.52,£	(5.75),£	178.34,"£	2,050.00",,,,"£	2,050.00","£	1,746.00",,US$	0.00,£	0.00,,,"£	1,938.11",£	(100.00),£	(100.00),£	200.00,US$	0.00,£	0.00,,"£	1,635.29","US$	3,633.98",,"£	(2,067.36)","US$	3,633.98","£	1,635.29","£	11,029.58","US$	24,510.19"
WEEK 1,Tuesday,September 1,"£	1,500.00",,,,,,,,,"£	(1,350.00)",,,"US$	10,000.00",US$	0.00,£	0.00,,"US$	3,716.00","£	1,672.20",,,,"US$	3,157.90",,£	322.24,£	(64.28),,£	166.57,£	(5.94),,£	250.00,,"£	(1,800.00)",,,"£	1,746.00",,"US$	3,000.00","£	1,350.00",,"US$	3,000.00","£	1,938.11",,,,US$	0.00,£	0.00,,"£	1,635.29","US$	3,633.98",,£	0.00,"US$	3,633.98","£	1,635.29","£	10,580.42","US$	23,512.03"
WEEK 1,Wednesday,September 2,"£	1,500.00",,,,,,,,,,,,"US$	10,000.00",US$	0.00,£	0.00,,"US$	3,716.00","£	1,672.20",,,,,,£	257.96,£	(64.28),,£	160.63,£	(5.94),,£	250.00,,,,,"£	1,746.00",,"US$	3,000.00","£	1,350.00",,,"£	1,938.11",,,,US$	0.00,£	0.00,,"£	1,635.29","US$	3,633.98",,£	0.00,"US$	3,633.98","£	1,635.29","£	10,510.19","US$	23,355.98"
WEEK 1,Thursday,September 3,"£	1,500.00",,,,,,,,,,,,"US$	10,000.00",US$	0.00,£	0.00,,"US$	3,716.00","£	1,672.20",,,,,,£	193.68,£	(64.28),,£	154.68,£	(5.94),,£	250.00,,,,,"£	1,746.00",,"US$	3,000.00","£	1,350.00",,,"£	1,938.11",,,,US$	0.00,£	0.00,,"£	1,635.29","US$	3,633.98",,£	0.00,"US$	3,633.98","£	1,635.29","£	10,439.97","US$	23,199.92"
WEEK 1,Friday,September 4,"£	1,500.00",,,,,,,,,,,,"US$	10,000.00",US$	0.00,£	0.00,,"US$	3,716.00","£	1,672.20",,,,,,£	129.40,£	(64.28),,£	148.74,£	(5.94),,£	250.00,,,,,"£	1,746.00",,"US$	3,000.00","£	1,350.00",,,"£	1,938.11",,,,US$	0.00,£	0.00,,"£	1,635.29","US$	3,633.98",,£	0.00,"US$	3,633.98","£	1,635.29","£	10,369.74","US$	23,043.87"
WEEK 1,Saturday,September 5,"£	1,500.00",,,,,,,,,,,,"US$	10,000.00",US$	0.00,£	0.00,,"US$	3,716.00","£	1,672.20",,,,,,£	65.12,£	(64.28),,£	142.79,£	(5.94),,£	250.00,,,,,"£	1,746.00",,"US$	3,000.00","£	1,350.00",,,"£	1,938.11",,,,US$	0.00,£	0.00,,"£	1,635.29","US$	3,633.98",,£	0.00,"US$	3,633.98","£	1,635.29","£	10,299.52","US$	22,887.81"
WEEK 1,Sunday,September 6,"£	1,500.00",,,,,,,,,,,,"US$	10,000.00",US$	0.00,£	0.00,,"US$	3,716.00","£	1,672.20",,,,,,£	0.84,£	(64.28),,£	136.85,£	(5.94),,£	250.00,,,,,"£	1,746.00",,"US$	3,000.00","£	1,350.00",,,"£	1,938.11",,,,US$	0.00,£	0.00,,"£	1,635.29","US$	3,633.98",,£	0.00,"US$	3,633.98","£	1,635.29","£	10,229.29","US$	22,731.76"
WEEK 2,Monday,September 7,£	850.00,,,,£	(450.00),,,,,,,£	(200.00),"US$	10,000.00",US$	0.00,£	0.00,,"US$	3,716.00","£	1,672.20",,,,,,£	386.56,£	(64.28),£	450.00,£	130.91,£	(5.94),,£	250.00,,,,,"£	1,746.00",,"US$	3,000.00","£	1,350.00",,,"£	1,938.11",£	(100.00),£	(100.00),£	200.00,US$	0.00,£	0.00,,"£	1,635.29","US$	3,633.98",,£	0.00,"US$	3,633.98","£	1,635.29","£	9,959.07","US$	22,131.26"
WEEK 2,Tuesday,September 8,£	850.00,,,,,,,,,,,,"US$	10,000.00",US$	0.00,£	0.00,,"US$	3,716.00","£	1,672.20",,,,,,£	322.28,£	(64.28),,£	124.96,£	(5.94),,£	250.00,,,,,"£	1,746.00",,"US$	3,000.00","£	1,350.00",,,"£	1,938.11",,,,US$	0.00,£	0.00,,"£	1,635.29","US$	3,633.98",,£	0.00,"US$	3,633.98","£	1,635.29","£	9,888.84","US$	21,975.21"
WEEK 2,Wednesday,September 9,£	850.00,,,,,,,,,,,,"US$	10,000.00",US$	0.00,£	0.00,,"US$	1,858.00",£	836.10,"US$	(1,858.00)",,,,,£	258.00,£	(64.28),,£	119.02,£	(5.94),,£	250.00,,,,,"£	1,746.00",,"US$	3,000.00","£	1,350.00",,,"£	1,938.11",,,,US$	0.00,£	0.00,,"£	1,635.29","US$	3,633.98",,£	0.00,"US$	3,633.98","£	1,635.29","£	8,982.52","US$	19,961.15"
WEEK 2,Thursday,September 10,£	650.00,,,,£	(200.00),,,,,,,,"US$	10,000.00",US$	0.00,£	0.00,,"US$	1,858.00",£	836.10,,,,,,£	393.72,£	(64.28),£	200.00,£	113.07,£	(5.94),,£	250.00,,,,,"£	1,746.00",,"US$	3,000.00","£	1,350.00",,,"£	1,938.11",,,,US$	0.00,£	0.00,,"£	1,635.29","US$	3,633.98",,£	0.00,"US$	3,633.98","£	1,635.29","£	8,912.29","US$	19,805.10"
WEEK 2,Friday,September 11,£	650.00,,,,,,,,,,,,"US$	10,000.00",US$	0.00,£	0.00,,"US$	1,858.00",£	836.10,,,,,,£	129.44,£	(264.28),,£	107.13,£	(5.94),,£	250.00,,,,,"£	1,746.00",,"US$	3,000.00","£	1,350.00",,,"£	1,938.11",,,,US$	0.00,£	0.00,,"£	1,635.29","US$	3,633.98",,£	0.00,"US$	3,633.98","£	1,635.29","£	8,642.07","US$	19,204.60"
WEEK 2,Saturday,September 12,£	650.00,,,,,,,,,,,,"US$	10,000.00",US$	0.00,£	0.00,,"US$	1,858.00",£	836.10,,,,,,£	65.16,£	(64.28),,£	101.18,£	(5.94),,£	250.00,,,,,"£	1,746.00",,"US$	3,000.00","£	1,350.00",,,"£	1,938.11",,,,US$	0.00,£	0.00,,"£	1,635.29","US$	3,633.98",,£	0.00,"US$	3,633.98","£	1,635.29","£	8,571.84","US$	19,048.54"
WEEK 2,Sunday,September 13,£	650.00,,,,,,,,,,,,"US$	10,000.00",US$	0.00,£	0.00,,"US$	1,858.00",£	836.10,,,,,,£	0.88,£	(64.28),,£	95.24,£	(5.94),,£	250.00,,,,,"£	1,746.00",,"US$	3,000.00","£	1,350.00",,,"£	1,938.11",,,,US$	0.00,£	0.00,,"£	1,635.29","US$	3,633.98",,£	0.00,"US$	3,633.98","£	1,635.29","£	8,501.62","US$	18,892.49"
WEEK 1,Monday,September 14,£	0.00,,,,£	(450.00),,,,,,,£	(200.00),"US$	10,000.00",US$	0.00,£	0.00,,"US$	1,858.00",£	836.10,,,,,,£	386.60,£	(64.28),£	450.00,£	89.29,£	(5.94),,£	250.00,,,,,"£	1,746.00",,"US$	3,000.00","£	1,350.00",,,"£	1,938.11",£	(100.00),£	(100.00),£	200.00,US$	0.00,£	0.00,,"£	1,635.29","US$	3,633.98",,£	0.00,"US$	3,633.98","£	1,635.29","£	8,231.39","US$	18,291.99"
WEEK 1,Tuesday,September 15,"£	1,300.00","£	3,879.18",,,,,,"£	(2,579.18)",,,,,"US$	10,000.00",US$	0.00,£	0.00,,"US$	1,858.00",£	836.10,,,,,,£	322.32,£	(64.28),,£	83.35,£	(5.94),,£	250.00,,,,,"£	1,746.00",,"US$	3,000.00","£	1,350.00",,,"£	1,938.11",,,,US$	0.00,£	0.00,,"£	4,214.47","US$	9,365.49",,"£	2,579.18","US$	9,365.49","£	4,214.47","£	12,040.35","US$	26,756.33"
WEEK 1,Wednesday,September 16,"£	1,300.00",,,,,,,,,,,,"US$	10,000.00",US$	0.00,£	0.00,,"US$	1,858.00",£	836.10,,,,,,£	258.04,£	(64.28),,£	77.40,£	(5.94),,£	250.00,,,,,"£	1,746.00",,"US$	3,000.00","£	1,350.00",,,"£	1,938.11",,,,US$	0.00,£	0.00,,"£	4,214.47","US$	9,365.49",,£	0.00,"US$	9,365.49","£	4,214.47","£	11,970.13","US$	26,600.28"
WEEK 1,Thursday,September 17,"£	1,300.00",,,,,,,,,,,,"US$	10,000.00",US$	0.00,£	0.00,,"US$	1,858.00",£	836.10,,,,,,£	193.76,£	(64.28),,£	71.46,£	(5.94),,£	250.00,,,,,"£	1,746.00",,"US$	3,000.00","£	1,350.00",,,"£	1,938.11",,,,US$	0.00,£	0.00,,"£	4,214.47","US$	9,365.49",,£	0.00,"US$	9,365.49","£	4,214.47","£	11,899.90","US$	26,444.22"
WEEK 1,Friday,September 18,"£	1,300.00",,,,,,,,,,,,"US$	10,000.00",US$	0.00,£	0.00,,"US$	1,858.00",£	836.10,,,,,,£	129.48,£	(64.28),,£	65.51,£	(5.94),,£	250.00,,,,,"£	1,746.00",,"US$	3,000.00","£	1,350.00",,,"£	1,938.11",,,,US$	0.00,£	0.00,,"£	4,214.47","US$	9,365.49",,£	0.00,"US$	9,365.49","£	4,214.47","£	11,829.68","US$	26,288.17"
WEEK 1,Saturday,September 19,"£	1,300.00",,,,,,,,,,,,"US$	10,000.00",US$	0.00,£	0.00,,"US$	1,858.00",£	836.10,,,,,,£	65.20,£	(64.28),,£	59.57,£	(5.94),,£	250.00,,,,,"£	1,746.00",,"US$	3,000.00","£	1,350.00",,,"£	1,938.11",,,,US$	0.00,£	0.00,,"£	4,214.47","US$	9,365.49",,£	0.00,"US$	9,365.49","£	4,214.47","£	11,759.45","US$	26,132.11"
WEEK 1,Sunday,September 20,"£	1,300.00",,,,,,,,,,,,"US$	10,000.00",US$	0.00,£	0.00,,"US$	1,858.00",£	836.10,,,,,,£	0.92,£	(64.28),,£	53.62,£	(5.94),,£	250.00,,,,,"£	1,746.00",,"US$	3,000.00","£	1,350.00",,,"£	1,938.11",,,,US$	0.00,£	0.00,,"£	4,214.47","US$	9,365.49",,£	0.00,"US$	9,365.49","£	4,214.47","£	11,689.23","US$	25,976.06"
WEEK 2,Monday,September 21,£	650.00,,,,£	(450.00),,,,,,,£	(200.00),"US$	10,000.00",US$	0.00,£	0.00,,"US$	1,858.00",£	836.10,,,,,,£	386.64,£	(64.28),£	450.00,£	47.68,£	(5.94),,£	250.00,,,,,"£	1,746.00",,"US$	3,000.00","£	1,350.00",,,"£	1,938.11",£	(100.00),£	(100.00),£	200.00,US$	0.00,£	0.00,,"£	4,214.47","US$	9,365.49",,£	0.00,"US$	9,365.49","£	4,214.47","£	11,419.00","US$	25,375.56"
WEEK 2,Tuesday,September 22,£	650.00,,,,,,,,,,,,"US$	10,000.00",US$	0.00,£	0.00,,"US$	1,858.00",£	836.10,,,,,,£	322.36,£	(64.28),,£	41.74,£	(5.94),,£	250.00,,,,,"£	1,746.00",,"US$	3,000.00","£	1,350.00",,,"£	1,938.11",,,,US$	0.00,£	0.00,,"£	4,214.47","US$	9,365.49",,£	0.00,"US$	9,365.49","£	4,214.47","£	11,348.78","US$	25,219.50"
WEEK 2,Wednesday,September 23,£	650.00,,,,,,,,,,,,"US$	10,000.00",US$	0.00,£	0.00,,US$	0.00,£	0.00,"US$	(1,858.00)",,,,,£	258.08,£	(64.28),,£	35.79,£	(5.94),,£	250.00,,,,,"£	1,746.00",,"US$	3,000.00","£	1,350.00",,,"£	1,938.11",,,,US$	0.00,£	0.00,,"£	4,214.47","US$	9,365.49",,£	0.00,"US$	9,365.49","£	4,214.47","£	10,442.45","US$	23,205.45"
WEEK 2,Thursday,September 24,£	650.00,,,,,,,,,,,,"US$	10,000.00",US$	0.00,£	0.00,,US$	0.00,£	0.00,,,,,,£	193.80,£	(64.28),,£	29.85,£	(5.94),,£	250.00,,,,,"£	1,746.00",,"US$	3,000.00","£	1,350.00",,,"£	1,938.11",,,,US$	0.00,£	0.00,,"£	4,214.47","US$	9,365.49",,£	0.00,"US$	9,365.49","£	4,214.47","£	10,372.23","US$	23,049.39"
WEEK 2,Friday,September 25,£	650.00,,,,,,,,,,,,"US$	10,000.00",US$	0.00,£	0.00,,US$	0.00,£	0.00,,,,,,£	129.52,£	(64.28),,£	23.90,£	(5.94),,£	250.00,,,,,"£	1,746.00",,"US$	3,000.00","£	1,350.00",,,"£	1,938.11",,,,US$	0.00,£	0.00,,"£	4,214.47","US$	9,365.49",,£	0.00,"US$	9,365.49","£	4,214.47","£	10,302.00","US$	22,893.34"
WEEK 2,Saturday,September 26,£	650.00,,,,,,,,,,,,"US$	10,000.00",US$	0.00,£	0.00,,US$	0.00,£	0.00,,,,,,£	65.24,£	(64.28),,£	17.96,£	(5.94),,£	250.00,,,,,"£	1,746.00",,"US$	3,000.00","£	1,350.00",,,"£	1,938.11",,,,US$	0.00,£	0.00,,"£	4,214.47","US$	9,365.49",,£	0.00,"US$	9,365.49","£	4,214.47","£	10,231.78","US$	22,737.29"
WEEK 2,Sunday,September 27,£	650.00,,,,,,,,,,,,"US$	10,000.00",US$	0.00,£	0.00,,US$	0.00,£	0.00,,,,,,£	0.96,£	(64.28),,£	12.01,£	(5.94),,£	250.00,,,,,"£	1,746.00",,"US$	3,000.00","£	1,350.00",,,"£	1,938.11",,,,US$	0.00,£	0.00,,"£	4,214.47","US$	9,365.49",,£	0.00,"US$	9,365.49","£	4,214.47","£	10,161.55","US$	22,581.23"
WEEK 1,Monday,September 28,£	0.00,,,,£	(450.00),,,,,,,£	(200.00),"US$	10,000.00",US$	0.00,£	0.00,,US$	0.00,£	0.00,,,,,,£	386.68,£	(64.28),£	450.00,£	6.07,£	(5.94),,£	250.00,,,,,"£	1,746.00",,"US$	3,000.00","£	1,350.00",,,"£	1,938.11",£	(100.00),£	(100.00),£	200.00,US$	0.00,£	0.00,,"£	4,214.47","US$	9,365.49",,£	0.00,"US$	9,365.49","£	4,214.47","£	9,891.33","US$	21,980.73"
WEEK 1,Tuesday,September 29,£	0.00,,,,,,,,,,,,"US$	10,000.00",US$	0.00,£	0.00,,US$	0.00,£	0.00,,,,,,£	322.40,£	(64.28),,£	0.12,£	(5.94),,£	0.00,,,£	(250.00),,"£	1,746.00",,US$	0.00,£	0.00,"US$	(3,000.00)",,"£	1,938.11",,,,US$	0.00,£	0.00,,"£	4,214.47","US$	9,365.49",,£	0.00,"US$	9,365.49","£	4,214.47","£	8,221.10","US$	18,269.12"
WEEK 1,Wednesday,September 30,"£	1,500.00","£	3,912.13",,£	(535.36),,£	(178.34),"£	(2,050.00)",£	351.56,,,,,"US$	10,000.00",US$	0.00,£	0.00,,"US$	1,189.68",£	535.36,,,,,"US$	1,189.68",£	258.12,£	(64.28),,£	172.52,£	(5.94),£	178.34,"£	2,050.00",,,,"£	2,050.00","£	1,746.00",,US$	0.00,£	0.00,,,"£	1,938.11",,,,US$	0.00,£	0.00,,"£	3,862.91","US$	8,584.24",,£	(351.56),"US$	8,584.24","£	3,862.91","£	12,063.01","US$	26,806.69"
WEEK 1,Thursday,October 1,"£	1,500.00",,,,,,,,,,,,"US$	10,000.00",US$	0.00,£	0.00,,"US$	3,716.00","£	1,672.20",,,,"US$	2,526.32",,£	193.84,£	(64.28),,£	166.77,£	(5.75),,£	250.00,,"£	(1,800.00)",,,"£	1,746.00",,US$	0.00,£	0.00,,,"£	1,938.11",,,,US$	0.00,£	0.00,,"£	3,862.91","US$	8,584.24",,£	0.00,"US$	8,584.24","£	3,862.91","£	11,329.82","US$	25,177.38"
WEEK 1,Friday,October 2,"£	1,500.00",,,,,,,,,,,,"US$	10,000.00",US$	0.00,£	0.00,,"US$	3,716.00","£	1,672.20",,,,,,£	129.56,£	(64.28),,£	161.01,£	(5.75),,£	250.00,,,,,"£	1,746.00",,US$	0.00,£	0.00,,,"£	1,938.11",,,,US$	0.00,£	0.00,,"£	3,862.91","US$	8,584.24",,£	0.00,"US$	8,584.24","£	3,862.91","£	11,259.79","US$	25,021.75"
WEEK 1,Saturday,October 3,"£	1,500.00",,,,,,,,,,,,"US$	10,000.00",US$	0.00,£	0.00,,"US$	3,716.00","£	1,672.20",,,,,,£	65.28,£	(64.28),,£	155.26,£	(5.75),,£	250.00,,,,,"£	1,746.00",,US$	0.00,£	0.00,,,"£	1,938.11",,,,US$	0.00,£	0.00,,"£	3,862.91","US$	8,584.24",,£	0.00,"US$	8,584.24","£	3,862.91","£	11,189.76","US$	24,866.12"
WEEK 1,Sunday,October 4,"£	1,500.00",,,,,,,,,,,,"US$	10,000.00",US$	0.00,£	0.00,,"US$	3,716.00","£	1,672.20",,,,,,£	1.00,£	(64.28),,£	149.51,£	(5.75),,£	250.00,,,,,"£	1,746.00",,US$	0.00,£	0.00,,,"£	1,938.11",,,,US$	0.00,£	0.00,,"£	3,862.91","US$	8,584.24",,£	0.00,"US$	8,584.24","£	3,862.91","£	11,119.72","US$	24,710.49"
WEEK 2,Monday,October 5,£	850.00,,,,£	(450.00),,,,,,,£	(200.00),"US$	10,000.00",US$	0.00,£	0.00,,"US$	3,716.00","£	1,672.20",,,,,,£	386.72,£	(64.28),£	450.00,£	143.75,£	(5.75),,£	250.00,,,,,"£	1,746.00",,US$	0.00,£	0.00,,,"£	1,938.11",£	(100.00),£	(100.00),£	200.00,US$	0.00,£	0.00,,"£	3,862.91","US$	8,584.24",,£	0.00,"US$	8,584.24","£	3,862.91","£	10,849.69","US$	24,110.42"
WEEK 2,Tuesday,October 6,£	850.00,,,,,,,,,,,,"US$	10,000.00",US$	0.00,£	0.00,,"US$	3,716.00","£	1,672.20",,,,,,£	322.44,£	(64.28),,£	138.00,£	(5.75),,£	250.00,,,,,"£	1,746.00",,US$	0.00,£	0.00,,,"£	1,938.11",,,,US$	0.00,£	0.00,,"£	3,862.91","US$	8,584.24",,£	0.00,"US$	8,584.24","£	3,862.91","£	10,779.66","US$	23,954.79"
WEEK 2,Wednesday,October 7,£	850.00,,,,,,,,,,,,"US$	10,000.00",US$	0.00,£	0.00,,"US$	1,858.00",£	836.10,"US$	(1,858.00)",,,,,£	258.16,£	(64.28),,£	132.25,£	(5.75),,£	250.00,,,,,"£	1,746.00",,US$	0.00,£	0.00,,,"£	1,938.11",,,,US$	0.00,£	0.00,,"£	3,862.91","US$	8,584.24",,£	0.00,"US$	8,584.24","£	3,862.91","£	9,873.52","US$	21,941.16"
WEEK 2,Thursday,October 8,£	650.00,,,,£	(200.00),,,,,,,,"US$	10,000.00",US$	0.00,£	0.00,,"US$	1,858.00",£	836.10,,,,,,£	393.88,£	(64.28),£	200.00,£	126.50,£	(5.75),,£	250.00,,,,,"£	1,746.00",,US$	0.00,£	0.00,,,"£	1,938.11",,,,US$	0.00,£	0.00,,"£	3,862.91","US$	8,584.24",,£	0.00,"US$	8,584.24","£	3,862.91","£	9,803.49","US$	21,785.53"
WEEK 2,Friday,October 9,£	650.00,,,,,,,,,,,,"US$	10,000.00",US$	0.00,£	0.00,,"US$	1,858.00",£	836.10,,,,,,£	129.60,£	(264.28),,£	120.74,£	(5.75),,£	250.00,,,,,"£	1,746.00",,US$	0.00,£	0.00,,,"£	1,938.11",,,,US$	0.00,£	0.00,,"£	3,862.91","US$	8,584.24",,£	0.00,"US$	8,584.24","£	3,862.91","£	9,533.46","US$	21,185.46"
WEEK 2,Saturday,October 10,£	650.00,,,,,,,,,,,,"US$	10,000.00",US$	0.00,£	0.00,,"US$	1,858.00",£	836.10,,,,,,£	65.32,£	(64.28),,£	114.99,£	(5.75),,£	250.00,,,,,"£	1,746.00",,US$	0.00,£	0.00,,,"£	1,938.11",,,,US$	0.00,£	0.00,,"£	3,862.91","US$	8,584.24",,£	0.00,"US$	8,584.24","£	3,862.91","£	9,463.42","US$	21,029.83"
WEEK 2,Sunday,October 11,£	650.00,,,,,,,,,,,,"US$	10,000.00",US$	0.00,£	0.00,,"US$	1,858.00",£	836.10,,,,,,£	1.04,£	(64.28),,£	109.24,£	(5.75),,£	250.00,,,,,"£	1,746.00",,US$	0.00,£	0.00,,,"£	1,938.11",,,,US$	0.00,£	0.00,,"£	3,862.91","US$	8,584.24",,£	0.00,"US$	8,584.24","£	3,862.91","£	9,393.39","US$	20,874.20"
WEEK 1,Monday,October 12,£	(0.00),,,,£	(450.00),,,,,,,£	(200.00),"US$	10,000.00",US$	0.00,£	0.00,,"US$	1,858.00",£	836.10,,,,,,£	386.76,£	(64.28),£	450.00,£	103.48,£	(5.75),,£	250.00,,,,,"£	1,746.00",,US$	0.00,£	0.00,,,"£	1,938.11",£	(100.00),£	(100.00),£	200.00,US$	0.00,£	0.00,,"£	3,862.91","US$	8,584.24",,£	0.00,"US$	8,584.24","£	3,862.91","£	9,123.36","US$	20,274.13"
WEEK 1,Tuesday,October 13,£	(0.00),,,,,,,,,,,,"US$	10,000.00",US$	0.00,£	0.00,,"US$	1,858.00",£	836.10,,,,,,£	322.48,£	(64.28),,£	97.73,£	(5.75),,£	250.00,,,,,"£	1,746.00",,US$	0.00,£	0.00,,,"£	1,938.11",,,,US$	0.00,£	0.00,,"£	3,862.91","US$	8,584.24",,£	0.00,"US$	8,584.24","£	3,862.91","£	9,053.33","US$	20,118.50"
WEEK 1,Wednesday,October 14,£	(0.00),,,,,,,,,,,,"US$	10,000.00",US$	0.00,£	0.00,,"US$	1,858.00",£	836.10,,,,,,£	258.20,£	(64.28),,£	91.98,£	(5.75),,£	250.00,,,,,"£	1,746.00",,US$	0.00,£	0.00,,,"£	1,938.11",,,,US$	0.00,£	0.00,,"£	3,862.91","US$	8,584.24",,£	0.00,"US$	8,584.24","£	3,862.91","£	8,983.29","US$	19,962.87"
WEEK 1,Thursday,October 15,"£	1,300.00","£	3,879.18",,,,,,"£	(2,579.18)",,,,,"US$	10,000.00",US$	0.00,£	0.00,,"US$	1,858.00",£	836.10,,,,,,£	193.92,£	(64.28),,£	86.22,£	(5.75),,£	250.00,,,,,"£	1,746.00",,US$	0.00,£	0.00,,,"£	1,938.11",,,,US$	0.00,£	0.00,,"£	6,442.09","US$	14,315.76",,"£	2,579.18","US$	14,315.76","£	6,442.09","£	12,792.44","US$	28,427.64"
WEEK 1,Friday,October 16,"£	1,300.00",,,,,,,,,,,,"US$	10,000.00",US$	0.00,£	0.00,,"US$	1,858.00",£	836.10,,,,,,£	129.64,£	(64.28),,£	80.47,£	(5.75),,£	250.00,,,,,"£	1,746.00",,US$	0.00,£	0.00,,,"£	1,938.11",,,,US$	0.00,£	0.00,,"£	6,442.09","US$	14,315.76",,£	0.00,"US$	14,315.76","£	6,442.09","£	12,722.41","US$	28,272.02"
WEEK 1,Saturday,October 17,"£	1,300.00",,,,,,,,,,,,"US$	10,000.00",US$	0.00,£	0.00,,"US$	1,858.00",£	836.10,,,,,,£	65.36,£	(64.28),,£	74.72,£	(5.75),,£	250.00,,,,,"£	1,746.00",,US$	0.00,£	0.00,,,"£	1,938.11",,,,US$	0.00,£	0.00,,"£	6,442.09","US$	14,315.76",,£	0.00,"US$	14,315.76","£	6,442.09","£	12,652.37","US$	28,116.39"
WEEK 1,Sunday,October 18,"£	1,300.00",,,,,,,,,,,,"US$	10,000.00",US$	0.00,£	0.00,,"US$	1,858.00",£	836.10,,,,,,£	1.08,£	(64.28),,£	68.97,£	(5.75),,£	250.00,,,,,"£	1,746.00",,US$	0.00,£	0.00,,,"£	1,938.11",,,,US$	0.00,£	0.00,,"£	6,442.09","US$	14,315.76",,£	0.00,"US$	14,315.76","£	6,442.09","£	12,582.34","US$	27,960.76"
WEEK 2,Monday,October 19,£	650.00,,,,£	(450.00),,,,,,,£	(200.00),"US$	10,000.00",US$	0.00,£	0.00,,"US$	1,858.00",£	836.10,,,,,,£	386.80,£	(64.28),£	450.00,£	63.21,£	(5.75),,£	250.00,,,,,"£	1,746.00",,US$	0.00,£	0.00,,,"£	1,938.11",£	(100.00),£	(100.00),£	200.00,US$	0.00,£	0.00,,"£	6,442.09","US$	14,315.76",,£	0.00,"US$	14,315.76","£	6,442.09","£	12,312.31","US$	27,360.69"
WEEK 2,Tuesday,October 20,£	650.00,,,,,,,,,,,,"US$	10,000.00",US$	0.00,£	0.00,,"US$	1,858.00",£	836.10,,,,,,£	322.52,£	(64.28),,£	57.46,£	(5.75),,£	250.00,,,,,"£	1,746.00",,US$	0.00,£	0.00,,,"£	1,938.11",,,,US$	0.00,£	0.00,,"£	6,442.09","US$	14,315.76",,£	0.00,"US$	14,315.76","£	6,442.09","£	12,242.28","US$	27,205.06"
WEEK 2,Wednesday,October 21,£	650.00,,,,,,,,,,,,"US$	10,000.00",US$	0.00,£	0.00,,US$	0.00,£	0.00,"US$	(1,858.00)",,,,,£	258.24,£	(64.28),,£	51.71,£	(5.75),,£	250.00,,,,,"£	1,746.00",,US$	0.00,£	0.00,,,"£	1,938.11",,,,US$	0.00,£	0.00,,"£	6,442.09","US$	14,315.76",,£	0.00,"US$	14,315.76","£	6,442.09","£	11,336.14","US$	25,191.43"
WEEK 2,Thursday,October 22,£	650.00,,,,,,,,,,,,"US$	10,000.00",US$	0.00,£	0.00,,US$	0.00,£	0.00,,,,,,£	193.96,£	(64.28),,£	45.95,£	(5.75),,£	250.00,,,,,"£	1,746.00",,US$	0.00,£	0.00,,,"£	1,938.11",,,,US$	0.00,£	0.00,,"£	6,442.09","US$	14,315.76",,£	0.00,"US$	14,315.76","£	6,442.09","£	11,266.11","US$	25,035.80"
WEEK 2,Friday,October 23,£	650.00,,,,,,,,,,,,"US$	10,000.00",US$	0.00,£	0.00,,US$	0.00,£	0.00,,,,,,£	129.68,£	(64.28),,£	40.20,£	(5.75),,£	250.00,,,,,"£	1,746.00",,US$	0.00,£	0.00,,,"£	1,938.11",,,,US$	0.00,£	0.00,,"£	6,442.09","US$	14,315.76",,£	0.00,"US$	14,315.76","£	6,442.09","£	11,196.08","US$	24,880.17"
WEEK 2,Saturday,October 24,£	650.00,,,,,,,,,,,,"US$	10,000.00",US$	0.00,£	0.00,,US$	0.00,£	0.00,,,,,,£	65.40,£	(64.28),,£	34.45,£	(5.75),,£	250.00,,,,,"£	1,746.00",,US$	0.00,£	0.00,,,"£	1,938.11",,,,US$	0.00,£	0.00,,"£	6,442.09","US$	14,315.76",,£	0.00,"US$	14,315.76","£	6,442.09","£	11,126.04","US$	24,724.54"
WEEK 2,Sunday,October 25,£	650.00,,,,,,,,,,,,"US$	10,000.00",US$	0.00,£	0.00,,US$	0.00,£	0.00,,,,,,£	1.12,£	(64.28),,£	28.70,£	(5.75),,£	250.00,,,,,"£	1,746.00",,US$	0.00,£	0.00,,,"£	1,938.11",,,,US$	0.00,£	0.00,,"£	6,442.09","US$	14,315.76",,£	0.00,"US$	14,315.76","£	6,442.09","£	11,056.01","US$	24,568.91"
WEEK 1,Monday,October 26,£	(0.00),,,,£	(450.00),,,,,,,£	(200.00),"US$	10,000.00",US$	0.00,£	0.00,,US$	0.00,£	0.00,,,,,,£	386.84,£	(64.28),£	450.00,£	22.94,£	(5.75),,£	250.00,,,,,"£	1,746.00",,US$	0.00,£	0.00,,,"£	1,938.11",£	(100.00),£	(100.00),£	200.00,US$	0.00,£	0.00,,"£	6,442.09","US$	14,315.76",,£	0.00,"US$	14,315.76","£	6,442.09","£	10,785.98","US$	23,968.84"
WEEK 1,Tuesday,October 27,£	(0.00),,,,,,,,,,,,"US$	10,000.00",US$	0.00,£	0.00,,US$	0.00,£	0.00,,,,,,£	322.56,£	(64.28),,£	17.19,£	(5.75),,£	250.00,,,,,"£	1,746.00",,US$	0.00,£	0.00,,,"£	1,938.11",,,,US$	0.00,£	0.00,,"£	6,442.09","US$	14,315.76",,£	0.00,"US$	14,315.76","£	6,442.09","£	10,715.95","US$	23,813.21"
WEEK 1,Wednesday,October 28,£	(0.00),,,,,,,,,,,,"US$	10,000.00",US$	0.00,£	0.00,,US$	0.00,£	0.00,,,,,,£	258.28,£	(64.28),,£	11.44,£	(5.75),,£	250.00,,,,,"£	1,746.00",,US$	0.00,£	0.00,,,"£	1,938.11",,,,US$	0.00,£	0.00,,"£	6,442.09","US$	14,315.76",,£	0.00,"US$	14,315.76","£	6,442.09","£	10,645.91","US$	23,657.58"
WEEK 1,Thursday,October 29,£	(0.00),,,,,,,,,,,,"US$	10,000.00",US$	0.00,£	0.00,,US$	0.00,£	0.00,,,,,,£	194.00,£	(64.28),,£	5.68,£	(5.75),,£	250.00,,,,,"£	1,746.00",,US$	0.00,£	0.00,,,"£	1,938.11",,,,US$	0.00,£	0.00,,"£	6,442.09","US$	14,315.76",,£	0.00,"US$	14,315.76","£	6,442.09","£	10,575.88","US$	23,501.95"
WEEK 1,Friday,October 30,£	(0.00),,,,,,,,,,,,"US$	10,000.00",US$	0.00,£	0.00,,US$	0.00,£	0.00,,,,,,£	129.72,£	(64.28),,£	(0.07),£	(5.75),,£	0.00,,,£	(250.00),,"£	1,746.00",,US$	0.00,£	0.00,,,"£	1,938.11",,,,US$	0.00,£	0.00,,"£	6,442.09","US$	14,315.76",,£	0.00,"US$	14,315.76","£	6,442.09","£	10,255.85","US$	22,790.77"
WEEK 1,Saturday,October 31,"£	1,500.00","£	3,912.13",,£	(837.77),,£	(178.34),"£	(2,050.00)",£	653.98,,,,,"US$	10,000.00",US$	0.00,£	0.00,,"US$	1,861.71",£	837.77,,,,,"US$	1,861.71",£	65.44,£	(64.28),,£	172.52,£	(5.75),£	178.34,"£	2,050.00",,,,"£	2,050.00","£	1,746.00",,US$	0.00,£	0.00,,,"£	1,938.11",,,,US$	0.00,£	0.00,,"£	5,788.11","US$	12,862.47",,£	(653.98),"US$	12,862.47","£	5,788.11","£	14,097.94","US$	31,328.76"
WEEK 1,Sunday,November 1,"£	1,500.00",,,,,,,,,,,,"US$	10,000.00",US$	0.00,£	0.00,,"US$	4,388.03","£	1,974.61",,,,"US$	2,526.32",,£	1.16,£	(64.28),,£	166.57,£	(5.94),,£	250.00,,"£	(1,800.00)",,,"£	1,746.00",,US$	0.00,£	0.00,,,"£	1,938.11",,,,US$	0.00,£	0.00,,"£	5,788.11","US$	12,862.47",,£	0.00,"US$	12,862.47","£	5,788.11","£	13,364.56","US$	29,699.03"
WEEK 2,Monday,November 2,£	850.00,,,,£	(450.00),,,,,,,£	(200.00),"US$	10,000.00",US$	0.00,£	0.00,,"US$	4,388.03","£	1,974.61",,,,,,£	386.88,£	(64.28),£	450.00,£	160.63,£	(5.94),,£	250.00,,,,,"£	1,746.00",,US$	0.00,£	0.00,,,"£	1,938.11",£	(100.00),£	(100.00),£	200.00,US$	0.00,£	0.00,,"£	5,788.11","US$	12,862.47",,£	0.00,"US$	12,862.47","£	5,788.11","£	13,094.34","US$	29,098.53"
WEEK 2,Tuesday,November 3,£	850.00,,,,,,,,,,,,"US$	10,000.00",US$	0.00,£	0.00,,"US$	4,388.03","£	1,974.61",,,,,,£	322.60,£	(64.28),,£	154.68,£	(5.94),,£	250.00,,,,,"£	1,746.00",,US$	0.00,£	0.00,,,"£	1,938.11",,,,US$	0.00,£	0.00,,"£	5,788.11","US$	12,862.47",,£	0.00,"US$	12,862.47","£	5,788.11","£	13,024.11","US$	28,942.47"
WEEK 2,Wednesday,November 4,£	850.00,,,,,,,,,,,,"US$	10,000.00",US$	0.00,£	0.00,,"US$	2,530.03","£	1,138.51","US$	(1,858.00)",,,,,£	258.32,£	(64.28),,£	148.74,£	(5.94),,£	250.00,,,,,"£	1,746.00",,US$	0.00,£	0.00,,,"£	1,938.11",,,,US$	0.00,£	0.00,,"£	5,788.11","US$	12,862.47",,£	0.00,"US$	12,862.47","£	5,788.11","£	12,117.79","US$	26,928.42"
WEEK 2,Thursday,November 5,£	650.00,,,,£	(200.00),,,,,,,,"US$	10,000.00",US$	0.00,£	0.00,,"US$	2,530.03","£	1,138.51",,,,,,£	394.04,£	(64.28),£	200.00,£	142.79,£	(5.94),,£	250.00,,,,,"£	1,746.00",,US$	0.00,£	0.00,,,"£	1,938.11",,,,US$	0.00,£	0.00,,"£	5,788.11","US$	12,862.47",,£	0.00,"US$	12,862.47","£	5,788.11","£	12,047.56","US$	26,772.37"
WEEK 2,Friday,November 6,£	650.00,,,,,,,,,,,,"US$	10,000.00",US$	0.00,£	0.00,,"US$	2,530.03","£	1,138.51",,,,,,£	129.76,£	(264.28),,£	136.85,£	(5.94),,£	250.00,,,,,"£	1,746.00",,US$	0.00,£	0.00,,,"£	1,938.11",,,,US$	0.00,£	0.00,,"£	5,788.11","US$	12,862.47",,£	0.00,"US$	12,862.47","£	5,788.11","£	11,777.34","US$	26,171.87"
WEEK 2,Saturday,November 7,£	650.00,,,,,,,,,,,,"US$	10,000.00",US$	0.00,£	0.00,,"US$	2,530.03","£	1,138.51",,,,,,£	65.48,£	(64.28),,£	130.91,£	(5.94),,£	250.00,,,,,"£	1,746.00",,US$	0.00,£	0.00,,,"£	1,938.11",,,,US$	0.00,£	0.00,,"£	5,788.11","US$	12,862.47",,£	0.00,"US$	12,862.47","£	5,788.11","£	11,707.12","US$	26,015.81"
WEEK 2,Sunday,November 8,£	650.00,,,,,,,,,,,,"US$	10,000.00",US$	0.00,£	0.00,,"US$	2,530.03","£	1,138.51",,,,,,£	1.20,£	(64.28),,£	124.96,£	(5.94),,£	250.00,,,,,"£	1,746.00",,US$	0.00,£	0.00,,,"£	1,938.11",,,,US$	0.00,£	0.00,,"£	5,788.11","US$	12,862.47",,£	0.00,"US$	12,862.47","£	5,788.11","£	11,636.89","US$	25,859.76"
WEEK 1,Monday,November 9,£	(0.00),,,,£	(450.00),,,,,,,£	(200.00),"US$	10,000.00",US$	0.00,£	0.00,,"US$	2,530.03","£	1,138.51",,,,,,£	386.92,£	(64.28),£	450.00,£	119.02,£	(5.94),,£	250.00,,,,,"£	1,746.00",,US$	0.00,£	0.00,,,"£	1,938.11",£	(100.00),£	(100.00),£	200.00,US$	0.00,£	0.00,,"£	5,788.11","US$	12,862.47",,£	0.00,"US$	12,862.47","£	5,788.11","£	11,366.67","US$	25,259.26"
WEEK 1,Tuesday,November 10,£	(0.00),,,,,,,,,,,,"US$	10,000.00",US$	0.00,£	0.00,,"US$	2,530.03","£	1,138.51",,,,,,£	322.64,£	(64.28),,£	113.07,£	(5.94),,£	250.00,,,,,"£	1,746.00",,US$	0.00,£	0.00,,,"£	1,938.11",,,,US$	0.00,£	0.00,,"£	5,788.11","US$	12,862.47",,£	0.00,"US$	12,862.47","£	5,788.11","£	11,296.44","US$	25,103.20"
WEEK 1,Wednesday,November 11,£	(0.00),,,,,,,,,,,,"US$	10,000.00",US$	0.00,£	0.00,,"US$	2,530.03","£	1,138.51",,,,,,£	258.36,£	(64.28),,£	107.13,£	(5.94),,£	250.00,,,,,"£	1,746.00",,US$	0.00,£	0.00,,,"£	1,938.11",,,,US$	0.00,£	0.00,,"£	5,788.11","US$	12,862.47",,£	0.00,"US$	12,862.47","£	5,788.11","£	11,226.22","US$	24,947.15"
WEEK 1,Thursday,November 12,£	(0.00),,,,,,,,,,,,"US$	10,000.00",US$	0.00,£	0.00,,"US$	2,530.03","£	1,138.51",,,,,,£	194.08,£	(64.28),,£	101.18,£	(5.94),,£	250.00,,,,,"£	1,746.00",,US$	0.00,£	0.00,,,"£	1,938.11",,,,US$	0.00,£	0.00,,"£	5,788.11","US$	12,862.47",,£	0.00,"US$	12,862.47","£	5,788.11","£	11,155.99","US$	24,791.09"
WEEK 1,Friday,November 13,£	(0.00),,,,,,,,,,,,"US$	10,000.00",US$	0.00,£	0.00,,"US$	2,530.03","£	1,138.51",,,,,,£	129.80,£	(64.28),,£	95.24,£	(5.94),,£	250.00,,,,,"£	1,746.00",,US$	0.00,£	0.00,,,"£	1,938.11",,,,US$	0.00,£	0.00,,"£	5,788.11","US$	12,862.47",,£	0.00,"US$	12,862.47","£	5,788.11","£	11,085.77","US$	24,635.04"
WEEK 1,Saturday,November 14,£	(0.00),,,,,,,,,,,,"US$	10,000.00",US$	0.00,£	0.00,,"US$	1,858.00",£	836.10,,US$	(672.03),,,,£	65.52,£	(64.28),,£	89.29,£	(5.94),,£	250.00,,,,,"£	1,746.00",,US$	0.00,£	0.00,,,"£	1,938.11",,,,US$	0.00,£	0.00,,"£	5,788.11","US$	12,862.47",,£	0.00,"US$	12,862.47","£	5,788.11","£	10,713.13","US$	23,806.95"
WEEK 1,Sunday,November 15,"£	1,300.00","£	3,879.18",,,,,,"£	(2,579.18)",,,,,"US$	10,000.00",US$	0.00,£	0.00,,"US$	1,858.00",£	836.10,,,,,,£	1.24,£	(64.28),,£	83.35,£	(5.94),,£	250.00,,,,,"£	1,746.00",,US$	0.00,£	0.00,,,"£	1,938.11",,,,US$	0.00,£	0.00,,"£	8,367.29","US$	18,593.98",,"£	2,579.18","US$	18,593.98","£	8,367.29","£	14,522.08","US$	32,271.30"
WEEK 2,Monday,November 16,£	650.00,,,,£	(450.00),,,,,,,£	(200.00),"US$	10,000.00",US$	0.00,£	0.00,,"US$	1,858.00",£	836.10,,,,,,£	386.96,£	(64.28),£	450.00,£	77.40,£	(5.94),,£	250.00,,,,,"£	1,746.00",,US$	0.00,£	0.00,,,"£	1,938.11",£	(100.00),£	(100.00),£	200.00,US$	0.00,£	0.00,,"£	8,367.29","US$	18,593.98",,£	0.00,"US$	18,593.98","£	8,367.29","£	14,251.86","US$	31,670.80"
WEEK 2,Tuesday,November 17,£	650.00,,,,,,,,,,,,"US$	10,000.00",US$	0.00,£	0.00,,"US$	1,858.00",£	836.10,,,,,,£	322.68,£	(64.28),,£	71.46,£	(5.94),,£	250.00,,,,,"£	1,746.00",,US$	0.00,£	0.00,,,"£	1,938.11",,,,US$	0.00,£	0.00,,"£	8,367.29","US$	18,593.98",,£	0.00,"US$	18,593.98","£	8,367.29","£	14,181.63","US$	31,514.74"
WEEK 2,Wednesday,November 18,£	650.00,,,,,,,,,,,,"US$	10,000.00",US$	0.00,£	0.00,,US$	0.00,£	0.00,"US$	(1,858.00)",,,,,£	258.40,£	(64.28),,£	65.51,£	(5.94),,£	250.00,,,,,"£	1,746.00",,US$	0.00,£	0.00,,,"£	1,938.11",,,,US$	0.00,£	0.00,,"£	8,367.29","US$	18,593.98",,£	0.00,"US$	18,593.98","£	8,367.29","£	13,275.31","US$	29,500.69"
WEEK 2,Thursday,November 19,£	650.00,,,,,,,,,,,,"US$	10,000.00",US$	0.00,£	0.00,,US$	0.00,£	0.00,,,,,,£	194.12,£	(64.28),,£	59.57,£	(5.94),,£	250.00,,,,,"£	1,746.00",,US$	0.00,£	0.00,,,"£	1,938.11",,,,US$	0.00,£	0.00,,"£	8,367.29","US$	18,593.98",,£	0.00,"US$	18,593.98","£	8,367.29","£	13,205.09","US$	29,344.63"
WEEK 2,Friday,November 20,£	650.00,,,,,,,,,,,,"US$	10,000.00",US$	0.00,£	0.00,,US$	0.00,£	0.00,,,,,,£	129.84,£	(64.28),,£	53.62,£	(5.94),,£	250.00,,,,,"£	1,746.00",,US$	0.00,£	0.00,,,"£	1,938.11",,,,US$	0.00,£	0.00,,"£	8,367.29","US$	18,593.98",,£	0.00,"US$	18,593.98","£	8,367.29","£	13,134.86","US$	29,188.58"
WEEK 2,Saturday,November 21,£	650.00,,,,,,,,,,,,"US$	10,000.00",US$	0.00,£	0.00,,US$	0.00,£	0.00,,,,,,£	65.56,£	(64.28),,£	47.68,£	(5.94),,£	250.00,,,,,"£	1,746.00",,US$	0.00,£	0.00,,,"£	1,938.11",,,,US$	0.00,£	0.00,,"£	8,367.29","US$	18,593.98",,£	0.00,"US$	18,593.98","£	8,367.29","£	13,064.64","US$	29,032.52"
WEEK 2,Sunday,November 22,£	650.00,,,,,,,,,,,,"US$	10,000.00",US$	0.00,£	0.00,,US$	0.00,£	0.00,,,,,,£	1.28,£	(64.28),,£	41.74,£	(5.94),,£	250.00,,,,,"£	1,746.00",,US$	0.00,£	0.00,,,"£	1,938.11",,,,US$	0.00,£	0.00,,"£	8,367.29","US$	18,593.98",,£	0.00,"US$	18,593.98","£	8,367.29","£	12,994.41","US$	28,876.47"
WEEK 1,Monday,November 23,£	(0.00),,,,£	(450.00),,,,,,,£	(200.00),"US$	10,000.00",US$	0.00,£	0.00,,US$	0.00,£	0.00,,,,,,£	387.00,£	(64.28),£	450.00,£	35.79,£	(5.94),,£	250.00,,,,,"£	1,746.00",,US$	0.00,£	0.00,,,"£	1,938.11",£	(100.00),£	(100.00),£	200.00,US$	0.00,£	0.00,,"£	8,367.29","US$	18,593.98",,£	0.00,"US$	18,593.98","£	8,367.29","£	12,724.19","US$	28,275.97"
WEEK 1,Tuesday,November 24,£	(0.00),,,,,,,,,,,,"US$	10,000.00",US$	0.00,£	0.00,,US$	0.00,£	0.00,,,,,,£	322.72,£	(64.28),,£	29.85,£	(5.94),,£	250.00,,,,,"£	1,746.00",,US$	0.00,£	0.00,,,"£	1,938.11",,,,US$	0.00,£	0.00,,"£	8,367.29","US$	18,593.98",,£	0.00,"US$	18,593.98","£	8,367.29","£	12,653.96","US$	28,119.92"
WEEK 1,Wednesday,November 25,£	(0.00),,,,,,,,,,,,"US$	10,000.00",US$	0.00,£	0.00,,US$	0.00,£	0.00,,,,,,£	258.44,£	(64.28),,£	23.90,£	(5.94),,£	250.00,,,,,"£	1,746.00",,US$	0.00,£	0.00,,,"£	1,938.11",,,,US$	0.00,£	0.00,,"£	8,367.29","US$	18,593.98",,£	0.00,"US$	18,593.98","£	8,367.29","£	12,583.74","US$	27,963.86"
WEEK 1,Thursday,November 26,£	(0.00),,,,,,,,,,,,"US$	10,000.00",US$	0.00,£	0.00,,US$	0.00,£	0.00,,,,,,£	194.16,£	(64.28),,£	17.96,£	(5.94),,£	250.00,,,,,"£	1,746.00",,US$	0.00,£	0.00,,,"£	1,938.11",,,,US$	0.00,£	0.00,,"£	8,367.29","US$	18,593.98",,£	0.00,"US$	18,593.98","£	8,367.29","£	12,513.51","US$	27,807.81"
WEEK 1,Friday,November 27,£	(0.00),,,,,,,,,,,,"US$	10,000.00",US$	0.00,£	0.00,,US$	0.00,£	0.00,,,,,,£	129.88,£	(64.28),,£	12.01,£	(5.94),,£	250.00,,,,,"£	1,746.00",,US$	0.00,£	0.00,,,"£	1,938.11",,,,US$	0.00,£	0.00,,"£	8,367.29","US$	18,593.98",,£	0.00,"US$	18,593.98","£	8,367.29","£	12,443.29","US$	27,651.75"
WEEK 1,Saturday,November 28,£	(0.00),,,,,,,,,,,,"US$	10,000.00",US$	0.00,£	0.00,,US$	0.00,£	0.00,,,,,,£	65.60,£	(64.28),,£	6.07,£	(5.94),,£	250.00,,,,,"£	1,746.00",,US$	0.00,£	0.00,,,"£	1,938.11",,,,US$	0.00,£	0.00,,"£	8,367.29","US$	18,593.98",,£	0.00,"US$	18,593.98","£	8,367.29","£	12,373.06","US$	27,495.70"
WEEK 1,Sunday,November 29,£	(0.00),,,,,,,,,,,,"US$	10,000.00",US$	0.00,£	0.00,,US$	0.00,£	0.00,,,,,,£	1.32,£	(64.28),,£	0.12,£	(5.94),,£	0.00,,,£	(250.00),,"£	1,746.00",,US$	0.00,£	0.00,,,"£	1,938.11",,,,US$	0.00,£	0.00,,"£	8,367.29","US$	18,593.98",,£	0.00,"US$	18,593.98","£	8,367.29","£	12,052.84","US$	26,784.09"
WEEK 2,Monday,November 30,"£	1,500.00","£	3,912.13",,"£	(1,087.25)",£	(450.00),£	(178.34),"£	(2,050.00)","£	1,553.46",,,,£	(200.00),"US$	10,000.00",US$	0.00,£	0.00,,"US$	2,416.10","£	1,087.25",,,,,"US$	2,416.10",£	387.04,£	(64.28),£	450.00,£	172.52,£	(5.94),£	178.34,"£	2,050.00",,,,"£	2,050.00","£	1,746.00",,US$	0.00,£	0.00,,,"£	1,938.11",£	(100.00),£	(100.00),£	200.00,US$	0.00,£	0.00,,"£	6,813.83","US$	15,141.84",,"£	(1,553.46)","US$	15,141.84","£	6,813.83","£	15,694.74","US$	34,877.21"
WEEK 2,Tuesday,December 1,"£	1,500.00",,,,,,,,,,,,"US$	10,000.00",US$	0.00,£	0.00,,"US$	5,574.00","£	2,508.30",,,,"US$	3,157.90",,£	322.76,£	(64.28),,£	166.77,£	(5.75),,£	250.00,,"£	(1,800.00)",,,"£	1,746.00",,US$	0.00,£	0.00,,,"£	1,938.11",,,,US$	0.00,£	0.00,,"£	6,813.83","US$	15,141.84",,£	0.00,"US$	15,141.84","£	6,813.83","£	15,245.77","US$	33,879.48"
WEEK 2,Wednesday,December 2,"£	1,500.00",,,,,,,,,,,,"US$	10,000.00",US$	0.00,£	0.00,,"US$	3,716.00","£	1,672.20","US$	(1,858.00)",,,,,£	258.48,£	(64.28),,£	161.01,£	(5.75),,£	250.00,,,,,"£	1,746.00",,US$	0.00,£	0.00,,,"£	1,938.11",,,,US$	0.00,£	0.00,,"£	6,813.83","US$	15,141.84",,£	0.00,"US$	15,141.84","£	6,813.83","£	14,339.63","US$	31,865.85"
WEEK 2,Thursday,December 3,"£	1,300.00",,,,£	(200.00),,,,,,,,"US$	10,000.00",US$	0.00,£	0.00,,"US$	3,716.00","£	1,672.20",,,,,,£	394.20,£	(64.28),£	200.00,£	155.26,£	(5.75),,£	250.00,,,,,"£	1,746.00",,US$	0.00,£	0.00,,,"£	1,938.11",,,,US$	0.00,£	0.00,,"£	6,813.83","US$	15,141.84",,£	0.00,"US$	15,141.84","£	6,813.83","£	14,269.60","US$	31,710.22"
WEEK 2,Friday,December 4,"£	1,300.00",,,,,,,,,,,,"US$	10,000.00",US$	0.00,£	0.00,,"US$	3,716.00","£	1,672.20",,,,,,£	129.92,£	(264.28),,£	149.51,£	(5.75),,£	250.00,,,,,"£	1,746.00",,US$	0.00,£	0.00,,,"£	1,938.11",,,,US$	0.00,£	0.00,,"£	6,813.83","US$	15,141.84",,£	0.00,"US$	15,141.84","£	6,813.83","£	13,999.57","US$	31,110.15"
WEEK 2,Saturday,December 5,"£	1,300.00",,,,,,,,,,,,"US$	10,000.00",US$	0.00,£	0.00,,"US$	3,716.00","£	1,672.20",,,,,,£	65.64,£	(64.28),,£	143.75,£	(5.75),,£	250.00,,,,,"£	1,746.00",,US$	0.00,£	0.00,,,"£	1,938.11",,,,US$	0.00,£	0.00,,"£	6,813.83","US$	15,141.84",,£	0.00,"US$	15,141.84","£	6,813.83","£	13,929.53","US$	30,954.52"
WEEK 2,Sunday,December 6,"£	1,300.00",,,,,,,,,,,,"US$	10,000.00",US$	0.00,£	0.00,,"US$	3,716.00","£	1,672.20",,,,,,£	1.36,£	(64.28),,£	138.00,£	(5.75),,£	250.00,,,,,"£	1,746.00",,US$	0.00,£	0.00,,,"£	1,938.11",,,,US$	0.00,£	0.00,,"£	6,813.83","US$	15,141.84",,£	0.00,"US$	15,141.84","£	6,813.83","£	13,859.50","US$	30,798.89"
WEEK 1,Monday,December 7,£	650.00,,,,£	(450.00),,,,,,,£	(200.00),"US$	10,000.00",US$	0.00,£	0.00,,"US$	3,716.00","£	1,672.20",,,,,,£	387.08,£	(64.28),£	450.00,£	132.25,£	(5.75),,£	250.00,,,,,"£	1,746.00",,US$	0.00,£	0.00,,,"£	1,938.11",£	(100.00),£	(100.00),£	200.00,US$	0.00,£	0.00,,"£	6,813.83","US$	15,141.84",,£	0.00,"US$	15,141.84","£	6,813.83","£	13,589.47","US$	30,198.82"
WEEK 1,Tuesday,December 8,£	650.00,,,,,,,,,,,,"US$	10,000.00",US$	0.00,£	0.00,,"US$	3,716.00","£	1,672.20",,,,,,£	322.80,£	(64.28),,£	126.50,£	(5.75),,£	250.00,,,,,"£	1,746.00",,US$	0.00,£	0.00,,,"£	1,938.11",,,,US$	0.00,£	0.00,,"£	6,813.83","US$	15,141.84",,£	0.00,"US$	15,141.84","£	6,813.83","£	13,519.44","US$	30,043.19"
WEEK 1,Wednesday,December 9,£	650.00,,,,,,,,,,,,"US$	10,000.00",US$	0.00,£	0.00,,"US$	3,716.00","£	1,672.20",,,,,,£	258.52,£	(64.28),,£	120.74,£	(5.75),,£	250.00,,,,,"£	1,746.00",,US$	0.00,£	0.00,,,"£	1,938.11",,,,US$	0.00,£	0.00,,"£	6,813.83","US$	15,141.84",,£	0.00,"US$	15,141.84","£	6,813.83","£	13,449.40","US$	29,887.56"
WEEK 1,Thursday,December 10,£	650.00,,,,,,,,,,,,"US$	10,000.00",US$	0.00,£	0.00,,"US$	3,716.00","£	1,672.20",,,,,,£	194.24,£	(64.28),,£	114.99,£	(5.75),,£	250.00,,,,,"£	1,746.00",,US$	0.00,£	0.00,,,"£	1,938.11",,,,US$	0.00,£	0.00,,"£	6,813.83","US$	15,141.84",,£	0.00,"US$	15,141.84","£	6,813.83","£	13,379.37","US$	29,731.93"
WEEK 1,Friday,December 11,£	650.00,,,,,,,,,,,,"US$	10,000.00",US$	0.00,£	0.00,,"US$	3,716.00","£	1,672.20",,,,,,£	129.96,£	(64.28),,£	109.24,£	(5.75),,£	250.00,,,,,"£	1,746.00",,US$	0.00,£	0.00,,,"£	1,938.11",,,,US$	0.00,£	0.00,,"£	6,813.83","US$	15,141.84",,£	0.00,"US$	15,141.84","£	6,813.83","£	13,309.34","US$	29,576.31"
WEEK 1,Saturday,December 12,£	650.00,,,,,,,,,,,,"US$	10,000.00",US$	0.00,£	0.00,,"US$	3,716.00","£	1,672.20",,,,,,£	65.68,£	(64.28),,£	103.48,£	(5.75),,£	250.00,,,,,"£	1,746.00",,US$	0.00,£	0.00,,,"£	1,938.11",,,,US$	0.00,£	0.00,,"£	6,813.83","US$	15,141.84",,£	0.00,"US$	15,141.84","£	6,813.83","£	13,239.30","US$	29,420.68"
WEEK 1,Sunday,December 13,£	650.00,,,,,,,,,,,,"US$	10,000.00",US$	0.00,£	0.00,,"US$	3,716.00","£	1,672.20",,,,,,£	1.40,£	(64.28),,£	97.73,£	(5.75),,£	250.00,,,,,"£	1,746.00",,US$	0.00,£	0.00,,,"£	1,938.11",,,,US$	0.00,£	0.00,,"£	6,813.83","US$	15,141.84",,£	0.00,"US$	15,141.84","£	6,813.83","£	13,169.27","US$	29,265.05"
WEEK 2,Monday,December 14,£	0.00,,,,£	(450.00),,,,,,,£	(200.00),"US$	10,000.00",US$	0.00,£	0.00,,"US$	3,716.00","£	1,672.20",,,,,,£	387.12,£	(64.28),£	450.00,£	91.98,£	(5.75),,£	250.00,,,,,"£	1,746.00",,US$	0.00,£	0.00,,,"£	1,938.11",£	(100.00),£	(100.00),£	200.00,US$	0.00,£	0.00,,"£	6,813.83","US$	15,141.84",,£	0.00,"US$	15,141.84","£	6,813.83","£	12,899.24","US$	28,664.97"
WEEK 2,Tuesday,December 15,"£	1,300.00","£	3,879.18",,,,,,"£	(2,579.18)",,,,,"US$	10,000.00",US$	0.00,£	0.00,,"US$	3,716.00","£	1,672.20",,,,,,£	322.84,£	(64.28),,£	86.22,£	(5.75),,£	250.00,,,,,"£	1,746.00",,US$	0.00,£	0.00,,,"£	1,938.11",,,,US$	0.00,£	0.00,,"£	9,393.01","US$	20,873.36",,"£	2,579.18","US$	20,873.36","£	9,393.01","£	16,708.39","US$	37,129.75"
WEEK 2,Wednesday,December 16,"£	1,300.00",,,,,,,,,,,,"US$	10,000.00",US$	0.00,£	0.00,,"US$	1,858.00",£	836.10,"US$	(1,858.00)",,,,,£	258.56,£	(64.28),,£	80.47,£	(5.75),,£	250.00,,,,,"£	1,746.00",,US$	0.00,£	0.00,,,"£	1,938.11",,,,US$	0.00,£	0.00,,"£	9,393.01","US$	20,873.36",,£	0.00,"US$	20,873.36","£	9,393.01","£	15,802.25","US$	35,116.12"
WEEK 2,Thursday,December 17,"£	1,300.00",,,,,,,,,,,,"US$	10,000.00",US$	0.00,£	0.00,,"US$	1,858.00",£	836.10,,,,,,£	194.28,£	(64.28),,£	74.72,£	(5.75),,£	250.00,,,,,"£	1,746.00",,US$	0.00,£	0.00,,,"£	1,938.11",,,,US$	0.00,£	0.00,,"£	9,393.01","US$	20,873.36",,£	0.00,"US$	20,873.36","£	9,393.01","£	15,732.22","US$	34,960.49"
WEEK 2,Friday,December 18,"£	1,300.00",,,,,,,,,,,,"US$	10,000.00",US$	0.00,£	0.00,,"US$	1,858.00",£	836.10,,,,,,£	130.00,£	(64.28),,£	68.97,£	(5.75),,£	250.00,,,,,"£	1,746.00",,US$	0.00,£	0.00,,,"£	1,938.11",,,,US$	0.00,£	0.00,,"£	9,393.01","US$	20,873.36",,£	0.00,"US$	20,873.36","£	9,393.01","£	15,662.19","US$	34,804.86"
WEEK 2,Saturday,December 19,"£	1,300.00",,,,,,,,,,,,"US$	10,000.00",US$	0.00,£	0.00,,"US$	1,858.00",£	836.10,,,,,,£	65.72,£	(64.28),,£	63.21,£	(5.75),,£	250.00,,,,,"£	1,746.00",,US$	0.00,£	0.00,,,"£	1,938.11",,,,US$	0.00,£	0.00,,"£	9,393.01","US$	20,873.36",,£	0.00,"US$	20,873.36","£	9,393.01","£	15,592.15","US$	34,649.23"
WEEK 2,Sunday,December 20,"£	1,300.00",,,,,,,,,,,,"US$	10,000.00",US$	0.00,£	0.00,,"US$	1,858.00",£	836.10,,,,,,£	1.44,£	(64.28),,£	57.46,£	(5.75),,£	250.00,,,,,"£	1,746.00",,US$	0.00,£	0.00,,,"£	1,938.11",,,,US$	0.00,£	0.00,,"£	9,393.01","US$	20,873.36",,£	0.00,"US$	20,873.36","£	9,393.01","£	15,522.12","US$	34,493.60"
WEEK 1,Monday,December 21,£	650.00,,,,£	(450.00),,,,,,,£	(200.00),"US$	10,000.00",US$	0.00,£	0.00,,"US$	1,858.00",£	836.10,,,,,,£	387.16,£	(64.28),£	450.00,£	51.71,£	(5.75),,£	250.00,,,,,"£	1,746.00",,US$	0.00,£	0.00,,,"£	1,938.11",£	(100.00),£	(100.00),£	200.00,US$	0.00,£	0.00,,"£	9,393.01","US$	20,873.36",,£	0.00,"US$	20,873.36","£	9,393.01","£	15,252.09","US$	33,893.53"
WEEK 1,Tuesday,December 22,£	650.00,,,,,,,,,,,,"US$	10,000.00",US$	0.00,£	0.00,,"US$	1,858.00",£	836.10,,,,,,£	322.88,£	(64.28),,£	45.95,£	(5.75),,£	250.00,,,,,"£	1,746.00",,US$	0.00,£	0.00,,,"£	1,938.11",,,,US$	0.00,£	0.00,,"£	9,393.01","US$	20,873.36",,£	0.00,"US$	20,873.36","£	9,393.01","£	15,182.06","US$	33,737.90"
WEEK 1,Wednesday,December 23,£	650.00,,,,,,,,,,,,"US$	10,000.00",US$	0.00,£	0.00,,"US$	1,858.00",£	836.10,,,,,,£	258.60,£	(64.28),,£	40.20,£	(5.75),,£	250.00,,,,,"£	1,746.00",,US$	0.00,£	0.00,,,"£	1,938.11",,,,US$	0.00,£	0.00,,"£	9,393.01","US$	20,873.36",,£	0.00,"US$	20,873.36","£	9,393.01","£	15,112.02","US$	33,582.27"
WEEK 1,Thursday,December 24,£	650.00,,,,,,,,,,,,"US$	10,000.00",US$	0.00,£	0.00,,"US$	1,858.00",£	836.10,,,,,,£	194.32,£	(64.28),,£	34.45,£	(5.75),,£	250.00,,,,,"£	1,746.00",,US$	0.00,£	0.00,,,"£	1,938.11",,,,US$	0.00,£	0.00,,"£	9,393.01","US$	20,873.36",,£	0.00,"US$	20,873.36","£	9,393.01","£	15,041.99","US$	33,426.64"
WEEK 1,Friday,December 25,£	650.00,,,,,,,,,,,,"US$	10,000.00",US$	0.00,£	0.00,,"US$	1,858.00",£	836.10,,,,,,£	130.04,£	(64.28),,£	28.70,£	(5.75),,£	250.00,,,,,"£	1,746.00",,US$	0.00,£	0.00,,,"£	1,938.11",,,,US$	0.00,£	0.00,,"£	9,393.01","US$	20,873.36",,£	0.00,"US$	20,873.36","£	9,393.01","£	14,971.96","US$	33,271.01"
WEEK 1,Saturday,December 26,£	650.00,,,,,,,,,,,,"US$	10,000.00",US$	0.00,£	0.00,,"US$	1,858.00",£	836.10,,,,,,£	65.76,£	(64.28),,£	22.94,£	(5.75),,£	250.00,,,,,"£	1,746.00",,US$	0.00,£	0.00,,,"£	1,938.11",,,,US$	0.00,£	0.00,,"£	9,393.01","US$	20,873.36",,£	0.00,"US$	20,873.36","£	9,393.01","£	14,901.92","US$	33,115.39"
WEEK 1,Sunday,December 27,£	650.00,,,,,,,,,,,,"US$	10,000.00",US$	0.00,£	0.00,,"US$	1,858.00",£	836.10,,,,,,£	1.48,£	(64.28),,£	17.19,£	(5.75),,£	250.00,,,,,"£	1,746.00",,US$	0.00,£	0.00,,,"£	1,938.11",,,,US$	0.00,£	0.00,,"£	9,393.01","US$	20,873.36",,£	0.00,"US$	20,873.36","£	9,393.01","£	14,831.89","US$	32,959.76"
WEEK 2,Monday,December 28,£	0.00,,,,£	(450.00),,,,,,,£	(200.00),"US$	10,000.00",US$	0.00,£	0.00,,"US$	1,858.00",£	836.10,,,,,,£	387.20,£	(64.28),£	450.00,£	11.44,£	(5.75),,£	250.00,,,,,"£	1,746.00",,US$	0.00,£	0.00,,,"£	1,938.11",£	(100.00),£	(100.00),£	200.00,US$	0.00,£	0.00,,"£	9,393.01","US$	20,873.36",,£	0.00,"US$	20,873.36","£	9,393.01","£	14,561.86","US$	32,359.68"
WEEK 2,Tuesday,December 29,£	0.00,,,,,,,,,,,,"US$	10,000.00",US$	0.00,£	0.00,,"US$	1,858.00",£	836.10,,,,,,£	322.92,£	(64.28),,£	5.68,£	(5.75),,£	250.00,,,,,"£	1,746.00",,US$	0.00,£	0.00,,,"£	1,938.11",,,,US$	0.00,£	0.00,,"£	9,393.01","US$	20,873.36",,£	0.00,"US$	20,873.36","£	9,393.01","£	14,491.83","US$	32,204.06"
WEEK 2,Wednesday,December 30,£	0.00,,,,,,,,,,,,"US$	10,000.00",US$	0.00,£	0.00,,US$	0.00,£	0.00,"US$	(1,858.00)",,,,,£	258.64,£	(64.28),,£	(0.07),£	(5.75),,£	0.00,,,£	(250.00),,"£	1,746.00",,US$	0.00,£	0.00,,,"£	1,938.11",,,,US$	0.00,£	0.00,,"£	9,393.01","US$	20,873.36",,£	0.00,"US$	20,873.36","£	9,393.01","£	13,335.69","US$	29,634.87"
WEEK 2,Thursday,December 31,£	0.00,"£	3,912.13",,"£	(1,371.46)",£	(200.00),£	(178.34),"£	(2,050.00)",£	(112.34),,,,,"US$	10,000.00",US$	0.00,£	0.00,,US$	640.68,£	288.31,,,"US$	(2,407.00)",,"US$	3,047.68",£	394.36,£	(64.28),£	200.00,£	172.52,£	(5.75),£	178.34,"£	2,050.00",,,,"£	2,050.00","£	1,746.00",,US$	0.00,£	0.00,,,"£	1,938.11",,,,US$	0.00,£	0.00,,"£	9,305.35","US$	20,678.54",£	(200.00),£	112.34,"US$	20,678.54","£	9,305.35","£	15,894.64","US$	35,321.42"